# csv_version=2,,# First cell should always be “# csv_version=2” or “# csv_version=1”,,,,,,,,,,,,,
# FIRST COLUMN IS FOR REMARK CHARACTER ONLY,,,,,,,,,,,,,,,
#,RC15 Cube Name / RC14 Cube Name,ID Number,Path,Blend file,,,,,,,,,,,
#,,,,,,,,,,,,,,,
#,### THIS SECTION HAS THE 2020 MESHES WITH TEXTURES ###,,,,,,,,,,,,,,
#,#,,,,,,,,,,,,,,
,Placeholder for cubes I've never seen before,Spotter-Mace-0000,,Spotter-Mace-1.blend,Mace,,,,,,,,,,
#,,,,,,,,,,,,,,,
#,### RC14 CUBES ###,,,,,,,,,,,,,,
, / Armored Cube T1,3795589065,,Medium_Cube.blend,Sim_0,,,,,,,,,,
, / Armored Cube T2,3523011797,,Medium_Cube.blend,Sim_0,,,,,,,,,,
, / Armored Cube T3,1428281037,,Medium_Cube.blend,Sim_0,,,,,,,,,,
, / Armored Cube T4,148547544,,Medium_Cube.blend,Sim_0,,,,,,,,,,
, / Armored Cube T5,3902577141,,Medium_Cube.blend,Sim_0,,,,,,,,,,
, / Armored Cube T6,3217516252,,Medium_Cube.blend,Sim_0,,,,,,,,,,
, / Armored Cube T7,1602312433,,Medium_Cube.blend,Sim_0,,,,,,,,,,
, / Armored Cube T8,3130466754,,Medium_Cube.blend,Sim_0,,,,,,,,,,
, / Armored Cube T9,936473914,,Medium_Cube.blend,Sim_0,,,,,,,,,,
#,#,,,,,,,,,,,,,,
, / Armored Inner T1,1661086464,,Medium_Inner.blend,Sim_0,,,,,,,,,,
, / Armored Inner T2,140476067,,Medium_Inner.blend,Sim_0,,,,,,,,,,
, / Armored Inner T3,3558861316,,Medium_Inner.blend,Sim_0,,,,,,,,,,
, / Armored Inner T4,3514383790,,Medium_Inner.blend,Sim_0,,,,,,,,,,
, / Armored Inner T5,1772266812,,Medium_Inner.blend,Sim_0,,,,,,,,,,
, / Armored Inner T6,1717894314,,Medium_Inner.blend,Sim_0,,,,,,,,,,
, / Armored Inner T7,3737084984,,Medium_Inner.blend,Sim_0,,,,,,,,,,
, / Armored Inner T8,1664400308,,Medium_Inner.blend,Sim_0,,,,,,,,,,
, / Armored Inner T9,2704279673,,Medium_Inner.blend,Sim_0,,,,,,,,,,
#,#,,,,,,,,,,,,,,
, / Armored Prism T1,3133051372,,Medium_Edge.blend,Sim_0.001,,,,,,,,,,
, / Armored Prism T2,3521365071,,Medium_Edge.blend,Sim_0.001,,,,,,,,,,
, / Armored Prism T3,228806888,,Medium_Edge.blend,Sim_0.001,,,,,,,,,,
, / Armored Prism T4,147162946,,Medium_Edge.blend,Sim_0.001,,,,,,,,,,
, / Armored Prism T5,2954764240,,Medium_Edge.blend,Sim_0.001,,,,,,,,,,
, / Armored Prism T6,3218622022,,Medium_Edge.blend,Sim_0.001,,,,,,,,,,
, / Armored Prism T7,117694164,,Medium_Edge.blend,Sim_0.001,,,,,,,,,,
, / Armored Prism T8,3129475416,,Medium_Edge.blend,Sim_0.001,,,,,,,,,,
, / Armored Prism T9,3159626035,,Medium_Edge.blend,Sim_0.001,,,,,,,,,,
#,#,,,,,,,,,,,,,,
, / Armored Tetra T1,3288882012,,Medium_Corner.blend,Sim_0,,,,,,,,,,
, / Armored Tetra T2,2941587199,,Medium_Corner.blend,Sim_0,,,,,,,,,,
, / Armored Tetra T3,1930795608,,Medium_Corner.blend,Sim_0,,,,,,,,,,
, / Armored Tetra T4,1987268082,,Medium_Corner.blend,Sim_0,,,,,,,,,,
, / Armored Tetra T5,3467171168,,Medium_Corner.blend,Sim_0,,,,,,,,,,
, / Armored Tetra T6,3245247734,,Medium_Corner.blend,Sim_0,,,,,,,,,,
, / Armored Tetra T7,2041910372,,Medium_Corner.blend,Sim_0,,,,,,,,,,
, / Armored Tetra T8,3292449768,,Medium_Corner.blend,Sim_0,,,,,,,,,,
, / Armored Tetra T9,3265763652,,Medium_Corner.blend,Sim_0,,,,,,,,,,
#,#,,,,,,,,,,,,,,
#,### MEDIUM CUBES ###,,,,,,,,,,,,,,
,T1 Cube Medium  / Armored Cube T10,227205318,,Medium_Cube.blend,Sim_0,,,,,,,,,,
,T1 Edge Medium  / Armored Prism T10,227917916,,Medium_Edge.blend,Sim_0.001,,,,,,,,,,
,T1 Corner Medium  / Armored Tetra T10,1931676396,,Medium_Corner.blend,Sim_0,,,,,,,,,,
,T1 Inner Medium  / Armored Inner T10,3559488176,,Medium_Inner.blend,Sim_0,,,,,,,,,,
,T1 Edge Round Medium ,447126572,,Medium_Edge_Round.blend,Sim_0,,,,,,,,,,
,T1 Corner Round Medium ,2589418111,,Medium_Corner_Round.blend,Sim_0,,,,,,,,,,
,T1 Inner Round Medium ,1837286858,,Medium_Inner_Round.blend,Sim_0,,,,,,,,,,
,T1 Edge Slope Medium ,1538778047,,Medium_Edge_Slope.blend,Sim_0,,,,,,,,,,
,T1 Corner Slope Medium ,557016830,,Medium_Corner_Slope.blend,Sim_0,,,,,,,,,,
,T1 Inner Slope Medium ,495400745,,Medium_Inner_Slope.blend,Sim_0,,,,,,,,,,
,T1 Cone Medium ,1352234106,,Medium_Cone.blend,Sim_0,,,,,,,,,,
,T1 Pyramid Medium ,2686602224,,Medium_Pyramid.blend,Sim_0,,,,,,,,,,
,T1 Cube Medium with C6 Logo (Substituted),3367514907,,Medium_Cube.blend,Sim_0,,,,,,,,,,
,T1 Cube Medium with CARBON Letters (Substituted),2392661891,,Medium_Cube.blend,Sim_0,,,,,,,,,,
#,#,,,,,,,,,,,,,,
#,### HEAVY CUBES ###,,,,,,,,,,,,,,
, / Heavy Chassis Cube,1654632428,,Medium_Cube.blend,Sim_0,,,,,,,,,,
, / Heavy Chassis Inner,4181414569,,Medium_Inner.blend,Sim_0,,,,,,,,,,
, / Heavy Chassis Prism,2686466102,,Medium_Edge.blend,Sim_0.001,,,,,,,,,,
, / Heavy Chassis Tetra,2157492751,,Medium_Corner.blend,Sim_0,,,,,,,,,,
#,#,,,,,,,,,,,,,,
,T1 Cube Heavy (Substituted),123901970,,Medium_Cube.blend,Sim_0,,,,,,,,,,
,T1 Edge Heavy (Substituted),1225928721,,Medium_Edge.blend,Sim_0.001,,,,,,,,,,
,T1 Corner Heavy (Substituted),222074329,,Medium_Corner.blend,Sim_0,,,,,,,,,,
,T1 Inner Heavy (Substituted),2577871627,,Medium_Inner.blend,Sim_0,,,,,,,,,,
,T1 Edge Round Heavy (Substituted),368051733,,Medium_Edge_Round.blend,Sim_0,,,,,,,,,,
,T1 Corner Round Heavy (Substituted),2148353926,,Medium_Corner_Round.blend,Sim_0,,,,,,,,,,
,T1 Inner Round Heavy (Substituted),665761850,,Medium_Inner_Round.blend,Sim_0,,,,,,,,,,
,T1 Edge Slope Heavy (Substituted),1334508924,,Medium_Edge_Slope.blend,Sim_0,,,,,,,,,,
,T1 Corner Slope Heavy (Substituted),3665280239,,Medium_Corner_Slope.blend,Sim_0,,,,,,,,,,
,T1 Inner Slope Heavy (Substituted),2111062867,,Medium_Inner_Slope.blend,Sim_0,,,,,,,,,,
,T1 Cone Heavy (Substituted),3886136035,,Medium_Cone.blend,Sim_0,,,,,,,,,,
,T1 Pyramid Heavy(Substituted),4184274974,,Medium_Pyramid.blend,Sim_0,,,,,,,,,,
#,#,,,,,,,,,,,,,,
#,### LIGHT CUBES ###,,,,,,,,,,,,,,
, / Light Chassis Cube (Substituted),2295832800,,Medium_Cube.blend,Sim_0,,,,,,,,,,
, / Light Chassis Inner (Substituted),3920646105,,Medium_Inner.blend,Sim_0,,,,,,,,,,
, / Light Chassis Prism (Substituted),2231909735,,Medium_Edge.blend,Sim_0.001,,,,,,,,,,
, / Light Chassis Tetra (Substituted),1754827363,,Medium_Corner.blend,Sim_0,,,,,,,,,,
#,#,,,,,,,,,,,,,,
,T1 Cube Light (Substituted),1972224393,,Medium_Cube.blend,Sim_0,,,,,,,,,,
,T1 Edge Light (Substituted),4157111053,,Medium_Edge.blend,Sim_0.001,,,,,,,,,,
,T1 Corner Light (Substituted),1347255791,,Medium_Corner.blend,Sim_0,,,,,,,,,,
,T1 Inner Light (Substituted),1941682825,,Medium_Inner.blend,Sim_0,,,,,,,,,,
,T1 Edge Round Light (Substituted),1993583577,,Medium_Edge_Round.blend,Sim_0,,,,,,,,,,
,T1 Corner Round Light (Substituted),582052348,,Medium_Corner_Round.blend,Sim_0,,,,,,,,,,
,T1 Inner Round Light (Substituted),1578378954,,Medium_Inner_Round.blend,Sim_0,,,,,,,,,,
,T1 Edge Slope Light (Substituted),3093572869,,Medium_Edge_Slope.blend,Sim_0,,,,,,,,,,
,T1 Corner Slope Light (Substituted),3959877408,,Medium_Corner_Slope.blend,Sim_0,,,,,,,,,,
,T1 Inner Slope Light (Substituted),2426642454,,Medium_Inner_Slope.blend,Sim_0,,,,,,,,,,
,T1 Cone Light (Substituted),1422041599,,Medium_Cone.blend,Sim_0,,,,,,,,,,
,T1 Pyramid Light (Substituted),885415789,,Medium_Pyramid.blend,Sim_0,,,,,,,,,,
#,#,,,,,,,,,,,,,,
#,### COMPACT CUBES ###,,,,,,,,,,,,,,
,T5 Cube Compact ,1576857358,,Compact_Cube.blend,Sim_0,,,,,,,,,,
,T5 Edge Compact ,327960333,,Compact_Edge.blend,Sim_0,,,,,,,,,,
,T5 Corner Compact ,126353766,,Compact_Corner.blend,Sim_0,,,,,,,,,,
,T5 Inner Compact ,2378018821,,Compact_Inner.blend,Sim_0,,,,,,,,,,
,T5 Edge Round Compact ,676446887,,Compact_Edge_Round.blend,Sim_0,,,,,,,,,,
,T5 Corner Round Compact ,1728084091,,Compact_Corner_Round.blend,Sim_0,,,,,,,,,,
,T5 Inner Round Compact ,925214026,,Compact_Inner_Round.blend,Sim_0,,,,,,,,,,
,T5 Edge Slope Compact ,1915435470,,Compact_Edge_Slope.blend,Sim_0,,,,,,,,,,
,T5 Corner Slope Compact ,1881278783,,Compact_Corner_Slope.blend,Sim_0,,,,,,,,,,
,T5 Inner Slope Compact ,1834966563,,Compact_Inner_Slope.blend,Sim_0,,,,,,,,,,
,T5 Cone Compact ,1979640496,,Compact_Cone.blend,Sim_0,,,,,,,,,,
,T5 Pyramid Compact ,979123471,,Compact_Pyramid.blend,Sim_0,,,,,,,,,,
#,#,,,,,,,,,,,,,,
#,### RODS ###,,,,,,,,,,,,,,
,T2 Rod  ,1818686721,,Rod.blend,MeshRenderer_0=ColourOveride=4,,,,,,,,,,
,T2 Rod Short  ,1312806203,,Rod_Short.blend,MeshRenderer_0=ColourOveride=4,,,,,,,,,,
,T2 Rod Long  ,3489647384,,Rod_Long.blend,MeshRenderer_0=ColourOveride=4,,,,,,,,,,
,T2 Rod Arc  ,2454932271,,Rod_Arc.blend,MeshRenderer_0=ColourOveride=4,,,,,,,,,,
,T2 Rod Arc Short  ,3568811832,,Rod_Arc_Short.blend,MeshRenderer_0=ColourOveride=4,,,,,,,,,,
,T2 Rod Diagonal 2d  ,394503911,,Rod_Diagonal_2D.blend,Rod_Diagonal_2D_0=ColourOveride=4,,,,,,,,,,
,T2 Rod Diagonal 2d Short  ,1316425218,,Rod_Diagonal_Short.blend,MeshRenderer_0=ColourOveride=4,,,,,,,,,,
,T2 Rod Diagonal 3d  ,3705632066,,Rod_Diagonal_3D.blend,Rod_Diagonal_3D_0=ColourOveride=4,,,,,,,,,,
,T2 Rod Plus  ,1750720388,,Rod_Plus.blend,MeshRenderer_0=ColourOveride=4,,,,,,,,,,
,T2 Rod Frame  ,651695911,,Rod_Skewed-Plus.blend,MeshRenderer_0.002=ColourOveride=4,,,,,,,,,,
,T2 Rod Cross  ,4265819694,,Rod_Cross.blend,MeshRenderer_0=ColourOveride=4,,,,,,,,,,
#,#,,,,,,,,,,,,,,
#,### RETRO CUBES ###,,,,,,,,,,,,,,
,retro Cube (Substituted),183067052,,Medium_Cube.blend,Sim_0,,,,,,,,,,
,retro Edge (Substituted),1150929327,,Medium_Edge.blend,Sim_0.001,,,,,,,,,,
,retro Corner (Substituted),1387792676,,Medium_Corner.blend,Sim_0,,,,,,,,,,
,retro Inner (Substituted),3985049715,,Medium_Inner.blend,Sim_0,,,,,,,,,,
#,#,,,,,,,,,,,,,,
#,### STRUTS ###,,,,,,,,,,,,,,
,T3 Strut  ,4262490755,,Strut.blend,strut_short_0,,,,,,,,,,
,T3 Strut Short  ,1648206355,,Strut_Short.blend,Strut_Short_0,,,,,,,,,,
,T3 Strut Long  ,3084940372,,Strut_Long.blend,strut_long_0,,,,,,,,,,
,T3 Strut Arc  ,743433251,,Strut_Arc.blend,strut_arc_0,,,,,,,,,,
,T3 Strut Arc Short  ,4206005137,,Strut_Arc_Short.blend,Strut_Arc_Short_0,,,,,,,,,,
,T3 Strut Slice  ,2126360617,,Strut_Slice.blend,strut_slice_0,,,,,,,,,,
,T3 Strut Slice Short  ,2608938070,,Strut_Slice_Short.blend,Strut_Slice_Short_0,,,,,,,,,,
,T3 Strut Ramp  ,3999885169,,Strut_Ramp.blend,strut_ramp_0,,,,,,,,,,
,T3 Strut Ramp Short  ,3903776284,,Strut_Ramp_Short.blend,Strut_Ramp_Short_0,,,,,,,,,,
,T3 Strut Diagonal 2d  ,14694903,,Strut_Diagonal_2D.blend,strut_diagonal_2D_0,,,,,,,,,,
,T3 Strut Diagonal 2d Short  ,3562021587,,Strut_Diagonal_Short.blend,Strut_Diagonal_Short_0,,,,,,,,,,
,T3 Strut Plus  ,511164535,,Strut_Plus.blend,Strut_Plus_0,,,,,,,,,,
,T3 Strut Cross  ,787409845,,Strut_Arc_Cross.blend,Strut_Cross_0,,,,,,,,,,
,T3 Strut Skewed Plus  ,1521447199,,Strut_Skewed_Plus.blend,Strut_Skewed_Plus_0,,,,,,,,,,
,T3 Strut Diagonal 3d Right  ,2002864041,,Strut_Diagonal_3D_Right.blend,strut_diagonal_3D_right_0,,,,,,,,,,
,T3 Strut Diagonal 3d Left  ,2028802540,,Strut_Diagonal_3D_Left.blend,strut_diagonal_3D_left_0,,,,,,,,,,
,T3 Strut Diagonal 3d Right Short  ,3923036903,,Strut_Diagonal_3D_Short_Right.blend,Strut_Diagonal_3D_Short_Right_0,,,,,,,,,,
,T3 Strut Diagonal 3d Left Short  ,1319987665,,Strut_Diagonal_3D_Short_Left.blend,Strut_Diagonal_3D_Short_Left_0,,,,,,,,,,
#,#,,,,,,,,,,,,,,
#,### WHEELS ###,,,,,,,,,,,,,,
,T2 Wheel  ,2924196438,,T2-Wheel.blend,wheel_straight_medium_wheel=ColourOveride=4,wheel_straight_medium_suspension=ColourOveride=0,Wheel_Straight_Medium_Base=ColourOveride=0,,,,,,,,
,T4 Wheel  ,1223384335,,T4_Wheel.blend,wheel_straight_huge_wheel=ColourOveride=4,wheel_straight_huge_suspension=ColourOveride=0,Wheel_Straight_Huge_Base=ColourOveride=0,,,,,,,,
,T2 Tank Track  ,1691117057,,T2_Tank_Track.blend,wheeToplLeft,wheelTopRight,wheelRight,wheelLeft,track=ColourOveride=4,RC_Cube_TankTrack_T3,armRight,armLeft,,,
,T3 Tank Track  ,184017928,,T3_Tank_Track.blend,wheeRight,wheelTopRight,wheelTopLeft,wheelLeft,wheel_bottomMiddle,track=ColourOveride=4,suspension,rightArm,RC_Cube_TankTrack_T5,leftArm,
#,#,,,,,,,,,,,,,,
#,### MECH LEG ###,,,,,,,,,,,,,,
,T1 Mech Leg  ,76192516,,T1_Mech_Leg.blend,leg1,leg2,leg3,foot,base,,,,,,
,T2 Mech Leg  ,1789991181,,T2_Mech_Leg.blend,leg1,leg2,leg3,foot,base,,,,,,
,T4 Mech Leg  ,2452579137,,T4_Mech_Leg.blend,leg3,leg2,leg1,foot,base,,,,,,
,T5 Mech Leg  ,4140335767,,T5_Mech_Leg_Steam.blend,base_0.001,leg1_0.001,leg1_1.001,leg2_0.001,leg3_0.001,leg3_1.001,foot_0.001,foot_1.001,,,
,T3 Sprinter Leg  ,3345472872,,T3_Sprinter_Leg.blend,upperleg,toe,SprinterLeg_Small,pipe,lowerleg,legRotateSide,feet,,,,
#,#,,,,,,,,,,,,,,
#,### INSECT LEG ###,,,,,,,,,,,,,,
,T3 Insect Leg   / Walker Leg T8,127661231,,T3_Insect_Leg.blend,UpperLimb,Shoulder,LowerLimb,Foot,Base,,,,,,
,T4 Insect Leg   / Walker Leg T10,1668760037,,T4_Insect_Leg.blend,UpperLimb,Shoulder,LowerLimb,Foot,Base,,,,,,
,T3 Insect Leg Blade,2671394050,,T3_Insect_Leg_Blade.blend,UpperLimb,Shoulder,LowerLimb,Foot,Base,,,,,,
,T4 Insect Leg Spider,875393229,,T4_Insect_Leg_Spider.blend,UpperLimb,Shoulder,LowerLimb,Foot,Base,,,,,,
#,#,,,,,,,,,,,,,,
#,### SKI ###,,,,,,,,,,,,,,
,T2 Ski  ,347391203,,T2_Ski.blend,Skid_Static_T5,Skid_Static_Suspension,Skid_Static_Ski,Skid_Static_Hinge,,,,,,,
#,#,,,,,,,,,,,,,,
#,### HOVERS ###,,,,,,,,,,,,,,
,T2 Hovers   / Hover Blade T6,1639979618,,T2_Hover.blend,Body,Blades,,,,,,,,,
,T3 Hovers   / Hover Blade T8,465491285,,T3_Hover.blend,Body,Blades,,,,,,,,,
,T5 Hovers,3835205776,,RC_TX_Hover.blend,TX_Hover_0,Mega_Hover_Blade_0,,,,,,,,,
#,#,,,,,,,,,,,,,,
#,### WINGS ###,,,,,,,,,,,,,,
,T4 Wing   / Aerofoil T8,2312317713,,T4_Wing.blend,Wing_Eagle_Tip,Wing_Eagle_Base,,,,,,,,,
,T5 Wing   / Aerofoil T10,2464192350,,Wing.blend,DrawCall_2.001,DrawCall_3.001,,,,,,,,,
,T4 Wing Bat,2865954846,,T4_Wing_Bat.blend,RC_BatFoil_T8_Flap,RC_BatFoil_T8,,,,,,,,,
#,#,,,,,,,,,,,,,,
,T4 Rudder Bat,2928920064,,T4_Rudder_Bat.blend,RC_BatRudder_T8_Flap,RC_BatRudder_T8,,,,,,,,,
,T5_Rudder Bat,2404311559,,T5-Rudder_Bat.blend,RC_BatRudder_T10_Flap,RC_BatRudder_T10,,,,,,,,,
#,#,,,,,,,,,,,,,,
#,### THRUSTERS ###,,,,,,,,,,,,,,
,T1 Thruster   / Thruster T2 ,844778245,,T1_Thruster.blend,Body,,,,,,,,,,
,T2 Thruster   / Thruster T4 ,2498076128,,T2_Thruster.blend,Body,,,,,,,,,,
,T3 Thruster   / Thruster T6 ,3764614578,,T3_Thruster.blend,Body,,,,,,,,,,
,T4 Thruster   / Thruster T8,3938712462,,T4_Thruster.blend,Body,,,,,,,,,,
,T5 Thruster   / Thruster T10,2969949587,,T5_Thruster.blend,Body,,,,,,,,,,
#,#,,,,,,,,,,,,,,
#,### TOP MOUNTED LASERS ###,,,,,,,,,,,,,,
,T0 Laser   / Top Mount SMG T2  (Substituted),3809895395,,T1 Blaster.blend,DrawCall_15,,,,,,,,,,
#,#,,,,,,,,,,,,,,
,T5 Laser ,3209000021,,RC_TX_SMG_1.blend,RC_SMG_TX1_0,RC_SMG_TX1_Arm_0,RC_SMG_TX1_Barrel_0,RC_SMG_TX1_Muzzle_0,,,,,,,
#,#,,,,,,,,,,,,,,
#,### ELECTROSHIELDS ###,,,,,,,,,,,,,,
,T5 Electroshield B Left  ,3001609712,,RC_MegaPlate_TX1A_L.blend,MegaPlate_TX1A_L_0,MegaPlate_TX1A_L_1,MegaPlate_TX1A_L_2,,,,,,,,
,T5 Electroshield B Right  ,3365106304,,RC_MegaPlate_TX1A_R.blend,MegaPlate_TX1A_R_0,MegaPlate_TX1A_R_1,MegaPlate_TX1A_R_2,,,,,,,,
,T5 Electroshield C Left  ,991790322,,RC_MegaPlate_TX1B_L.blend,MegaPlate_TX1B_L_0,MegaPlate_TX1B_L_1,MegaPlate_TX1B_L_2,,,,,,,,
,T5 Electroshield C Right  ,1097210754,,RC_MegaPlate_TX1B_R.blend,MegaPlate_TX1B_R_0,MegaPlate_TX1B_R_1,MegaPlate_TX1B_R_2,,,,,,,,
#,#,,,,,,,,,,,,,,
#,#,,,,,,,,,,,,,,
#,### THIS SECTION IS ALL NEW CUBES WITH NO TEXTURES ###,,,,,,,,,,,,,,
#,#,,,,,,,,,,,,,,
#,### RC14 CUBES ###,,,,,,,,,,,,,,
#, / Armored Cube T1,3795589065,2021.09/,Retro_Cube.blend,RC_Cube,,,,,,,,,,
#, / Armored Cube T2,3523011797,2021.09/,Retro_Cube.blend,RC_Cube,,,,,,,,,,
#, / Armored Cube T3,1428281037,2021.09/,Retro_Cube.blend,RC_Cube,,,,,,,,,,
#, / Armored Cube T4,148547544,2021.09/,Retro_Cube.blend,RC_Cube,,,,,,,,,,
#, / Armored Cube T5,3902577141,2021.09/,Retro_Cube.blend,RC_Cube,,,,,,,,,,
#, / Armored Cube T6,3217516252,2021.09/,Retro_Cube.blend,RC_Cube,,,,,,,,,,
#, / Armored Cube T7,1602312433,2021.09/,Retro_Cube.blend,RC_Cube,,,,,,,,,,
#, / Armored Cube T8,3130466754,2021.09/,Retro_Cube.blend,RC_Cube,,,,,,,,,,
#, / Armored Cube T9,936473914,2021.09/,Retro_Cube.blend,RC_Cube,,,,,,,,,,
#,#,,2021.09/,,,,,,,,,,,,
#, / Armored Inner T1,1661086464,2021.09/,Retro_Inner.blend,RC_Inner,,,,,,,,,,
#, / Armored Inner T2,140476067,2021.09/,Retro_Inner.blend,RC_Inner,,,,,,,,,,
#, / Armored Inner T3,3558861316,2021.09/,Retro_Inner.blend,RC_Inner,,,,,,,,,,
#, / Armored Inner T4,3514383790,2021.09/,Retro_Inner.blend,RC_Inner,,,,,,,,,,
#, / Armored Inner T5,1772266812,2021.09/,Retro_Inner.blend,RC_Inner,,,,,,,,,,
#, / Armored Inner T6,1717894314,2021.09/,Retro_Inner.blend,RC_Inner,,,,,,,,,,
#, / Armored Inner T7,3737084984,2021.09/,Retro_Inner.blend,RC_Inner,,,,,,,,,,
#, / Armored Inner T8,1664400308,2021.09/,Retro_Inner.blend,RC_Inner,,,,,,,,,,
#, / Armored Inner T9,2704279673,2021.09/,Retro_Inner.blend,RC_Inner,,,,,,,,,,
#,#,,2021.09/,,,,,,,,,,,,
#, / Armored Prism T1,3133051372,2021.09/,Retro_Edge.blend,RC_Prism,,,,,,,,,,
#, / Armored Prism T2,3521365071,2021.09/,Retro_Edge.blend,RC_Prism,,,,,,,,,,
#, / Armored Prism T3,228806888,2021.09/,Retro_Edge.blend,RC_Prism,,,,,,,,,,
#, / Armored Prism T4,147162946,2021.09/,Retro_Edge.blend,RC_Prism,,,,,,,,,,
#, / Armored Prism T5,2954764240,2021.09/,Retro_Edge.blend,RC_Prism,,,,,,,,,,
#, / Armored Prism T6,3218622022,2021.09/,Retro_Edge.blend,RC_Prism,,,,,,,,,,
#, / Armored Prism T7,117694164,2021.09/,Retro_Edge.blend,RC_Prism,,,,,,,,,,
#, / Armored Prism T8,3129475416,2021.09/,Retro_Edge.blend,RC_Prism,,,,,,,,,,
#, / Armored Prism T9,3159626035,2021.09/,Retro_Edge.blend,RC_Prism,,,,,,,,,,
#,#,,2021.09/,,,,,,,,,,,,
#, / Armored Tetra T1,3288882012,2021.09/,Retro_Corner.blend,RC_Tetra,,,,,,,,,,
#, / Armored Tetra T2,2941587199,2021.09/,Retro_Corner.blend,RC_Tetra,,,,,,,,,,
#, / Armored Tetra T3,1930795608,2021.09/,Retro_Corner.blend,RC_Tetra,,,,,,,,,,
#, / Armored Tetra T4,1987268082,2021.09/,Retro_Corner.blend,RC_Tetra,,,,,,,,,,
#, / Armored Tetra T5,3467171168,2021.09/,Retro_Corner.blend,RC_Tetra,,,,,,,,,,
#, / Armored Tetra T6,3245247734,2021.09/,Retro_Corner.blend,RC_Tetra,,,,,,,,,,
#, / Armored Tetra T7,2041910372,2021.09/,Retro_Corner.blend,RC_Tetra,,,,,,,,,,
#, / Armored Tetra T8,3292449768,2021.09/,Retro_Corner.blend,RC_Tetra,,,,,,,,,,
#, / Armored Tetra T9,3265763652,2021.09/,Retro_Corner.blend,RC_Tetra,,,,,,,,,,
#,#,,2021.09/,,,,,,,,,,,,
#,### MEDIUM CUBES ###,,2021.09/,,,,,,,,,,,,
#,T1 Cube Medium  / Armored Cube T10,227205318,2021.09/,Medium_Cube.blend,RC_Cube,,,,,,,,,,
#,T1 Edge Medium  / Armored Prism T10,227917916,2021.09/,Medium_Edge.blend,RC_Prism,,,,,,,,,,
#,T1 Corner Medium  / Armored Tetra T10,1931676396,2021.09/,Medium_Corner.blend,RC_Tetra,,,,,,,,,,
#,T1 Inner Medium  / Armored Inner T10,3559488176,2021.09/,Medium_Inner.blend,RC_Inner,,,,,,,,,,
#,T1 Edge Round Medium ,447126572,2021.09/,Medium_Edge_Round.blend,RC_Prism_Round,,,,,,,,,,
#,T1 Corner Round Medium ,2589418111,2021.09/,Medium_Corner_Round.blend,RC_Tetra_Round,,,,,,,,,,
#,T1 Inner Round Medium ,1837286858,2021.09/,Medium_Inner_Round.blend,RC_Inner_Round,,,,,,,,,,
#,T1 Edge Slope Medium ,1538778047,2021.09/,Medium_Edge_Slope.blend,RC_Edge_Slope,,,,,,,,,,
#,T1 Corner Slope Medium ,557016830,2021.09/,Medium_Corner_Slope.blend,RC_Corner_Slope,,,,,,,,,,
#,T1 Inner Slope Medium ,495400745,2021.09/,Medium_Inner_Slope.blend,RC_Inner_Slope,,,,,,,,,,
#,T1 Cone Medium ,1352234106,2021.09/,Medium_Cone.blend,RC_Cone,,,,,,,,,,
#,T1 Pyramid Medium ,2686602224,2021.09/,Medium_Pyramid.blend,RC_Pyramid,,,,,,,,,,
#,T1 Cube Medium with C6 Logo,3367514907,2021.09/,Medium_Cube_Carbon6_Logo.blend,RC_Cube_MK2_Flat,,,,,,,,,,
#,T1 Cube Medium with CARBON Letters,2392661891,2021.09/,Medium_Cube_Carbon6_Letters.blend,RC_Cube_MK2_Flat,,,,,,,,,,
#,Medium_Cube_Cardlife,2077855120,2021.09/,Medium_Cube_Cardlife.blend,RC_Cube,,,,,,,,,,
#,Medium_Edge_Cardlife,348383505,2021.09/,Medium_Edge_Cardlife.blend,RC_Prism_Cardlife,,,,,,,,,,
#,#,,2021.09/,,,,,,,,,,,,
#,### HEAVY CUBES ###,,2021.09/,,,,,,,,,,,,
#, / Heavy Chassis Cube,1654632428,2021.09/,Heavy_Cube.blend,RC_Cube,,,,,,,,,,
#, / Heavy Chassis Inner,4181414569,2021.09/,Heavy_Inner.blend,RC_Inner,,,,,,,,,,
#, / Heavy Chassis Prism,2686466102,2021.09/,Heavy_Edge.blend,RC_Prism,,,,,,,,,,
#, / Heavy Chassis Tetra,2157492751,2021.09/,Heavy_Corner.blend,RC_Tetra,,,,,,,,,,
#,#,,2021.09/,,,,,,,,,,,,
#,T1 Cube Heavy,123901970,2021.09/,Heavy_Cube.blend,RC_Cube,,,,,,,,,,
#,T1 Edge Heavy,1225928721,2021.09/,Heavy_Edge.blend,RC_Prism,,,,,,,,,,
#,T1 Corner Heavy,222074329,2021.09/,Heavy_Corner.blend,RC_Tetra,,,,,,,,,,
#,T1 Inner Heavy,2577871627,2021.09/,Heavy_Inner.blend,RC_Inner,,,,,,,,,,
#,T1 Edge Round Heavy,368051733,2021.09/,Heavy_Edge_Round.blend,RC_Prism_Round,,,,,,,,,,
#,T1 Corner Round Heavy,2148353926,2021.09/,Heavy_Corner_Round.blend,RC_Tetra_Round,,,,,,,,,,
#,T1 Inner Round Heavy,665761850,2021.09/,Heavy_Inner_Round.blend,RC_Inner_Round,,,,,,,,,,
#,T1 Edge Slope Heavy,1334508924,2021.09/,Heavy_Edge_Slope.blend,RC_Edge_Slope,,,,,,,,,,
#,T1 Corner Slope Heavy,3665280239,2021.09/,Heavy_Corner_Slope.blend,RC_Corner_Slope,,,,,,,,,,
#,T1 Inner Slope Heavy,2111062867,2021.09/,Heavy_Inner_Slope.blend,RC_Inner_Slope,,,,,,,,,,
#,T1 Cone Heavy,3886136035,2021.09/,Heavy_Cone.blend,RC_Cone,,,,,,,,,,
#,T1 Pyramid Heavy(Substituted),4184274974,2021.09/,Heavy_Pyramid.blend,RC_Pyramid,,,,,,,,,,
#,#,,2021.09/,,,,,,,,,,,,
#,### LIGHT CUBES ###,,2021.09/,,,,,,,,,,,,
#, / Light Chassis Cube,2295832800,2021.09/,Light_Cube.blend,RC_Cube,,,,,,,,,,
#, / Light Chassis Inner,3920646105,2021.09/,Light_Inner.blend,RC_Inner,,,,,,,,,,
#, / Light Chassis Prism,2231909735,2021.09/,Light_Edge.blend,RC_Prism,,,,,,,,,,
#, / Light Chassis Tetra,1754827363,2021.09/,Light_Corner.blend,RC_Tetra,,,,,,,,,,
#,#,,2021.09/,,,,,,,,,,,,
#,T1 Cube Light,1972224393,2021.09/,Light_Cube.blend,RC_Cube,,,,,,,,,,
#,T1 Edge Light,4157111053,2021.09/,Light_Edge.blend,RC_Prism,,,,,,,,,,
#,T1 Corner Light,1347255791,2021.09/,Light_Corner.blend,RC_Tetra,,,,,,,,,,
#,T1 Inner Light,1941682825,2021.09/,Light_Inner.blend,RC_Inner,,,,,,,,,,
#,T1 Edge Round Light,1993583577,2021.09/,Light_Edge_Round.blend,RC_Prism_Round,,,,,,,,,,
#,T1 Corner Round Light,582052348,2021.09/,Light_Corner_Round.blend,RC_Tetra_Round,,,,,,,,,,
#,T1 Inner Round Light,1578378954,2021.09/,Light_Inner_Round.blend,RC_Inner_Round,,,,,,,,,,
#,T1 Edge Slope Light,3093572869,2021.09/,Light_Edge_Slope.blend,RC_Edge_Slope,,,,,,,,,,
#,T1 Corner Slope Light,3959877408,2021.09/,Light_Corner_Slope.blend,RC_Corner_Slope,,,,,,,,,,
#,T1 Inner Slope Light,2426642454,2021.09/,Light_Inner_Slope.blend,RC_Inner_Slope,,,,,,,,,,
#,T1 Cone Light,1422041599,2021.09/,Light_Cone.blend,RC_Cone,,,,,,,,,,
#,T1 Pyramid Light,885415789,2021.09/,Light_Pyramid.blend,RC_Pyramid,,,,,,,,,,
#,#,,2021.09/,,,,,,,,,,,,
#,### COMPACT CUBES ###,,2021.09/,,,,,,,,,,,,
#,T5 Cube Compact ,1576857358,2021.09/,Compact_Cube.blend,RC_Cube,,,,,,,,,,
#,T5 Edge Compact ,327960333,2021.09/,Compact_Edge.blend,RC_Prism,,,,,,,,,,
#,T5 Corner Compact ,126353766,2021.09/,Compact_Corner.blend,RC_Tetra,,,,,,,,,,
#,T5 Inner Compact ,2378018821,2021.09/,Compact_Inner.blend,RC_Inner,,,,,,,,,,
#,T5 Edge Round Compact ,676446887,2021.09/,Compact_Edge_Round.blend,RC_Prism_Round,,,,,,,,,,
#,T5 Corner Round Compact ,1728084091,2021.09/,Compact_Corner_Round.blend,RC_Tetra_Round,,,,,,,,,,
#,T5 Inner Round Compact ,925214026,2021.09/,Compact_Inner_Round.blend,RC_Inner_Round,,,,,,,,,,
#,T5 Edge Slope Compact ,1915435470,2021.09/,Compact_Edge_Slope.blend,RC_Edge_Slope,,,,,,,,,,
#,T5 Corner Slope Compact ,1881278783,2021.09/,Compact_Corner_Slope.blend,RC_Corner_Slope,,,,,,,,,,
#,T5 Inner Slope Compact ,1834966563,2021.09/,Compact_Inner_Slope.blend,RC_Inner_Slope,,,,,,,,,,
#,T5 Cone Compact ,1979640496,2021.09/,Compact_Cone.blend,RC_Cone,,,,,,,,,,
#,T5 Pyramid Compact ,979123471,2021.09/,Compact_Pyramid.blend,RC_Pyramid,,,,,,,,,,
#,#,,2021.09/,,,,,,,,,,,,
#,### GLASS CUBES ###,,2021.09/,,,,,,,,,,,,
,Glass Cube  / Windshield Cube,3327812742,2021.09/,Glass_Cube.blend,glass_cube,glass_cube_frame,,,,,,,,,
,Glass Edge  / Windshield Prism,4235300269,2021.09/,Glass_Edge.blend,Glass_Edge,Glass_Edge_frame,,,,,,,,,
,Glass Corner  / Windshield Tetra,1094997616,2021.09/,Glass_Corner.blend,Glass_corner,Glass_corner_frame,,,,,,,,,
,Glass Inner  / Windshield Inner,445857183,2021.09/,Glass_Inner.blend,glass_inner,glass_inner_frame,,,,,,,,,
,Glass Edge Round,3629216992,2021.09/,Glass_Edge_Round.blend,Glass_RoundEdge,Glass_RoundEdge_frame,,,,,,,,,
,Glass Corner Round,2380494106,2021.09/,Glass_Corner_Round.blend,Glass_RoundCorner,Glass_RoundCorner_frame,,,,,,,,,
,Glass Inner Round,3066776961,2021.09/,Glass_Inner_Round.blend,glass_RoundInner,glass_RoundInner_frame,,,,,,,,,
#,#,,2021.09/,,,,,,,,,,,,
#,### NEON CUBES ###,,2021.09/,,,,,,,,,,,,
,Neon Cube,150161008,2021.09/,Neon_Cube.blend,RC_Cube,,,,,,,,,,
,Neon Edge,1183051379,2021.09/,Neon_Edge.blend,RC_Prism,,,,,,,,,,
,Neon Corner,2333317284,2021.09/,Neon_Corner.blend,RC_Tetra,,,,,,,,,,
,Neon Inner,1616217456,2021.09/,Neon_Inner.blend,RC_Inner,,,,,,,,,,
,Neon Edge Round,2623263862,2021.09/,Neon_Edge_Round.blend,RC_Prism_Round,,,,,,,,,,
,Neon Corner Round,3195590950,2021.09/,Neon_Corner_Round.blend,RC_Tetra_Round,,,,,,,,,,
,Neon Inner Round,1774712137,2021.09/,Neon_Inner_Round.blend,RC_Inner_Round,,,,,,,,,,
,Neon Edge Slope ,3324063519,2021.09/,Neon_Edge_Slope.blend,RC_Edge_Slope,,,,,,,,,,
,Neon Corner Slope ,3825345103,2021.09/,Neon_Corner_Slope.blend,RC_Corner_Slope,,,,,,,,,,
,Neon Inner Slope ,868027936,2021.09/,Neon_Inner_Slope.blend,RC_Inner_Slope,,,,,,,,,,
,Neon Cone ,552682446,2021.09/,Neon_Cone.blend,RC_Cone,,,,,,,,,,
,Neon Pyramid,3447434946,2021.09/,Neon_Pyramid.blend,RC_Pyramid,,,,,,,,,,
#,#,,2021.09/,,,,,,,,,,,,
#,### RETRO CUBES ###,,2021.09/,,,,,,,,,,,,
#,retro Cube,183067052,2021.09/,Retro_Cube.blend,RC_Cube,,,,,,,,,,
#,retro Edge,1150929327,2021.09/,Retro_Edge.blend,RC_Prism,,,,,,,,,,
#,retro Corner,1387792676,2021.09/,Retro_Corner.blend,RC_Tetra,,,,,,,,,,
#,retro Inner,3985049715,2021.09/,Retro_Inner.blend,RC_Inner,,,,,,,,,,
#,#,,2021.09/,,,,,,,,,,,,
#,### HELIUM CUBES ###,,2021.09/,,,,,,,,,,,,
, / Armored Helium T4.,3305279060,2021.09/,T2_Helium.blend,RC_Helium_Armor_5,,,,,,,,,,
, / Armored Helium T6,1914654544,2021.09/,T2_Helium.blend,RC_Helium_Armor_5,,,,,,,,,,
, / Armored Helium T8,2001668174,2021.09/,T2_Helium.blend,RC_Helium_Armor_5,,,,,,,,,,
#,#,,2021.09/,"Helium cube has not been textured. The mesh orientates correctly, make sure you put the texture the right way up.",,,,,,,,,,,
,Helium / Armored Helium T10,3226650954,2021.09/,T2_Helium.blend,RC_Helium_Armor_5,,,,,,,,,,
, / Helium Tank (Substituted),3425997036,2021.09/,Spotter-Mace-0.blend,Mace,,,,,,,,,,
#,#,,2021.09/,,,,,,,,,,,,
#,### RODS ###,,2021.09/,,,,,,,,,,,,
#,T2 Rod  ,1818686721,2021.09/,Rod.blend,Airframe_3,,,,,,,,,,
#,T2 Rod Short  ,1312806203,2021.09/,Rod_Short.blend,Rod_Short,,,,,,,,,,
#,T2 Rod Long  ,3489647384,2021.09/,Rod_Long.blend,Airframe_5,,,,,,,,,,
#,T2 Rod Arc  ,2454932271,2021.09/,Rod_Arc.blend,Airframe_3Corner,,,,,,,,,,
#,T2 Rod Arc Short  ,3568811832,2021.09/,Rod_Arc_Short.blend,Rod_Arc_Short,,,,,,,,,,
#,T2 Rod Diagonal 2d  ,394503911,2021.09/,Rod_Diagonal_2D.blend,Rod_Diagonal_2D,,,,,,,,,,
#,T2 Rod Diagonal 2d Short  ,1316425218,2021.09/,Rod_Diagonal_Short.blend,Rod_Diagonal_Short,,,,,,,,,,
#,T2 Rod Diagonal 3d  ,3705632066,2021.09/,Rod_Diagonal_3D.blend,Rod_Diagonal_3D,,,,,,,,,,
#,T2 Rod Plus  ,1750720388,2021.09/,Rod_Plus.blend,Rod_Plus,,,,,,,,,,
#,T2 Rod Frame  ,651695911,2021.09/,Rod_Skewed_Plus.blend,Rod_Skewed_Plus,,,,,,,,,,
#,T2 Rod Cross  ,4265819694,2021.09/,Rod_Cross.blend,Rod_Cross,,,,,,,,,,
,Rod_Long_Spring,1051732041,2021.09/,Rod_Long_Spring.blend,Rod_Long_Spring,,,,,,,,,,
,Rod_Short_Spring,2828600518,2021.09/,Rod_Short_Spring.blend,Rod_Short_Spring,,,,,,,,,,
,Rod_Spring,3950939011,2021.09/,Rod_Spring.blend,Rod_Spring,,,,,,,,,,
#,#,,2021.09/,,,,,,,,,,,,
#,### STRUTS ###,,2021.09/,,,,,,,,,,,,
#,T3 Strut  ,4262490755,2021.09/,Strut.blend,strut_short,,,,,,,,,,
#,T3 Strut Short  ,1648206355,2021.09/,Strut_Short.blend,Strut_Short,,,,,,,,,,
#,T3 Strut Long  ,3084940372,2021.09/,Strut_Long.blend,strut_long,,,,,,,,,,
#,T3 Strut Arc  ,743433251,2021.09/,Strut_Arc.blend,strut_arc,,,,,,,,,,
#,T3 Strut Arc Short  ,4206005137,2021.09/,Strut_Arc_Short.blend,Strut_Arc_Short,,,,,,,,,,
#,T3 Strut Slice  ,2126360617,2021.09/,Strut_Slice.blend,strut_slice,,,,,,,,,,
#,T3 Strut Slice Short  ,2608938070,2021.09/,Strut_Slice_Short.blend,Strut_Slice_Short,,,,,,,,,,
#,T3 Strut Ramp  ,3999885169,2021.09/,Strut_Ramp.blend,strut_ramp,,,,,,,,,,
#,T3 Strut Ramp Short  ,3903776284,2021.09/,Strut_Ramp_Short.blend,Strut_Ramp_Short,,,,,,,,,,
#,T3 Strut Diagonal 2d  ,14694903,2021.09/,Strut_Diagonal_2D.blend,strut_diagonal_2D,,,,,,,,,,
#,T3 Strut Diagonal 2d Short  ,3562021587,2021.09/,Strut_Diagonal_Short.blend,Strut_Diagonal_Short,,,,,,,,,,
#,T3 Strut Plus  ,511164535,2021.09/,Strut_Plus.blend,Strut_Plus,,,,,,,,,,
#,T3 Strut Cross  ,787409845,2021.09/,Strut_Cross.blend,Strut_Cross,,,,,,,,,,
#,T3 Strut Skewed Plus  ,1521447199,2021.09/,Strut_Skewed_Plus.blend,Strut_Skewed_Plus,,,,,,,,,,
#,T3 Strut Diagonal 3d Right  ,2002864041,2021.09/,Strut_Diagonal_3D_Right.blend,strut_diagonal_3D_right,,,,,,,,,,
#,T3 Strut Diagonal 3d Left  ,2028802540,2021.09/,Strut_Diagonal_3D_Left.blend,strut_diagonal_3D,,,,,,,,,,
#,T3 Strut Diagonal 3d Right Short  ,3923036903,2021.09/,Strut_Diagonal_3D_Short_Right.blend,Strut_Diagonal_3D_Short_Right,,,,,,,,,,
#,T3 Strut Diagonal 3d Left Short  ,1319987665,2021.09/,Strut_Diagonal_3D_Short_Left.blend,Strut_Diagonal_3D_Short_Left,,,,,,,,,,
#,#,,2021.09/,,,,,,,,,,,,
#,### RC14 WHEELS ###,,2021.09/,,,,,,,,,,,,
#,# / Wheel Steering T1,3769194911,2021.09/,,,,,,,,,,,,
#,# / Wheel Steering T2,3158825472,2021.09/,,,,,,,,,,,,
#,# / Wheel Steering T3,1526222854,2021.09/,,,,,,,,,,,,
#,# / Wheel Steering T4,3539316064,2021.09/,,,,,,,,,,,,
#,# / Wheel Steering T5,3435681649,2021.09/,,,,,,,,,,,,
#,# / Wheel Steering T6,1701822652,2021.09/,,,,,,,,,,,,
#,# / Wheel Steering T7,1868379119,2021.09/,,,,,,,,,,,,
#,# / Wheel Steering T8,244400800,2021.09/,,,,,,,,,,,,
#,# / Wheel Steering T9,4184683672,2021.09/,,,,,,,,,,,,
#,# / Wheel Steering T10,3104518012,2021.09/,,,,,,,,,,,,
#,# / Wheel T1,2866040116,2021.09/,,,,,,,,,,,,
#,# / Wheel T2,299251682,2021.09/,,,,,,,,,,,,
#,# / Wheel T3,182430853,2021.09/,,,,,,,,,,,,
#,# / Wheel T4,2137276546,2021.09/,,,,,,,,,,,,
#,# / Wheel T5,2632952818,2021.09/,,,,,,,,,,,,
#,# / Wheel T6,3372100958,2021.09/,,,,,,,,,,,,
#,# / Wheel T7,1065013100,2021.09/,,,,,,,,,,,,
#,# / Wheel T8,2734731074,2021.09/,,,,,,,,,,,,
#,# / Wheel T9,2840250395,2021.09/,,,,,,,,,,,,
#,# / Wheel T10,345686686,2021.09/,,,,,,,,,,,,
#,#,,2021.09/,,,,,,,,,,,,
#,### WHEELS ###,,2021.09/,,,,,,,,,,,,
,T0 Wheel,1810876016,2021.09/,T0_Wheel_Steam.blend,Wheel_L1Powered_straight_arrow,Wheel_Straight_Tiny_Base,wheel_straight_tiny_suspension,wheel_straight_tiny_wheel,,,,,,,
,T0 Steering Wheel ,932552373,2021.09/,T0_Steering_Wheel_Steam.blend,Wheel_L1_steer_arrow,Wheel_L1Powered_straight_arrow,Wheel_Steer_Tiny_Base,wheel_steer_tiny_suspension,wheel_steer_tiny_wheel,,,,,,
,T1 Wheel ,4172855773,2021.09/,T1_Wheel_Steam.blend,Wheel_L1Powered_straight_arrow,Wheel_Straight_Small_Base,wheel_straight_small_suspension,wheel_straight_small_wheel,,,,,,,
,T1 Steering Wheel ,169839823,2021.09/,T1_Steering_Wheel_Steam.blend,Wheel_L2_steer_arrow,Wheel_L1Powered_straight_arrow,Wheel_Steer_Small_Base,wheel_steer_small_suspension,wheel_steer_small_wheel,,,,,,
#,T2 Wheel  ,2924196438,2021.09/,T2_Wheel.blend,Wheel_L1Powered_straight_arrow,Wheel_Straight_Medium_Base,wheel_straight_medium_suspension,wheel_straight_medium_wheel,,,,,,,
,T2 Steering Wheel  ,2958657062,2021.09/,T2_Steering_Wheel.blend,Wheel_L1Powered_straight_arrow,Wheel_L3_steer_arrow,Wheel_Steer_Medium_Base,wheel_steer_medium_suspension,wheel_steer_medium_wheel,,,,,,
,T3 Wheel  ,3028949761,2021.09/,T3_Wheel.blend,Wheel_L1Powered_straight_arrow,Wheel_Straight_Large_Base,wheel_straight_large_suspension,wheel_straight_large_wheel,,,,,,,
,T3 Steering Wheel  ,1177366035,2021.09/,T3_Steering_Wheel.blend,Wheel_L1Powered_straight_arrow,Wheel_L4_steer_arrow,Wheel_Steer_Large_Base,wheel_steer_large_suspension,wheel_steer_large_wheel,,,,,,
#,T4 Wheel  ,1223384335,2021.09/,T4_Wheel.blend,Wheel_L1Powered_straight_arrow,Wheel_Straight_Huge_Base,wheel_straight_huge_suspension,wheel_straight_huge_wheel,,,,,,,
,T4 Steering Wheel  ,345048522,2021.09/,T4_Steering_Wheel.blend,Wheel_L1Powered_straight_arrow,Wheel_L5_steer_arrow,Wheel_Steer_Huge_Base,wheel_steer_huge_suspension,wheel_steer_huge_wheel,,,,,,
,,2105254905,2021.09/,T4_Wheel_Cardlife_Steam.blend,Wheel_L1Powered_straight_arrow,Wheel_Straight_Huge_Base_Cardlife,wheel_Straight_huge_suspension_Cardlife,Wheel_Straight_Huge_Wheel_Cardlife,,,,,,,
,,32187483,2021.09/,T4_Steering_Wheel_Cardlife_Steam.blend,Wheel_L1Powered_straight_arrow,Wheel_L5_steer_arrow,Wheel_Steer_Huge_Base_Cardlife,wheel_Steer_huge_suspension_Cardlife,Wheel_Steer_Huge_Wheel_Cardlife,,,,,,
,T5 Wheel ,3301162279,2021.09/,T5_Wheel.blend,polySurface2,RC_Wheel_Straight_TX1_Base,RC_Wheel_Straight_TX1_Suspension,RC_Wheel_Straight_TX1_Wheel,,,,,,,
,T5 Steering Wheel ,48208435,2021.09/,T5_Steering_Wheel.blend,polySurface2,polySurface4,RC_Wheel_TX1_Base,RC_Wheel_TX1_Suspension,RC_Wheel_TX1_Wheel,,,,,,
,,2305706992,2021.09/,T5_Wheel_Gold_Steam.blend,polySurface2,RC_Wheel_Straight_TX1_Base,RC_Wheel_Straight_TX1_Suspension,RC_Wheel_Straight_TX1_Wheel,,,,,,,
,,3546777424,2021.09/,T5_Steering_Wheel_Gold_Steam.blend,polySurface2,polySurface4,RC_Wheel_TX1_Base,RC_Wheel_TX1_Suspension,RC_Wheel_TX1_Wheel,,,,,,
#,#,,2021.09/,,,,,,,,,,,,
#,### TANK TRACKS ###,,2021.09/,,,,,,,,,,,,
,T1 Tank Track ,4050988656,2021.09/,T1_Tank_Track.blend,armLeft,armRight,RC_Cube_TankTrack_T1,wheelLeft,wheelRight,track955926204301253857,,,,,
#,T2 Tank Track  ,1691117057,2021.09/,T2_Tank_Track.blend,armLeft,armRight,RC_Cube_TankTrack_T3,wheelLeft,wheelRight,track117358306081758985,,,,,
#,T3 Tank Track  ,184017928,2021.09/,T3_Tank_Track.blend,leftArm,RC_Cube_TankTrack_T5,rightArm,wheel_bottomMiddle,wheelLeft,wheelTopLeft,wheelTopRight,wheeRight,track4090625526010451927,,
,T4 Tank Track ,5728820,2021.09/,T4_Tank_Track.blend,leftArm,RC_Cube_TankTrack_T7,rightArm,wheelBottomLeft,wheelBottomRight,wheelLeft,wheelRight,wheelTopLeft,wheelTopRight,track7234373336728943508,
,T5 Tank Track ,431289744,2021.09/,T5_Tank_Track.blend,leftArm,RC_Cube_TankTrack_T9,rightArm,wheelBottomLeft,wheelBottomMiddle,wheelBottomRight,wheelLeft,wheelRight,wheelTopLeft,wheelTopRight,track4576748350366831835
#,#,,2021.09/,,,,,,,,,,,,
#,### MECH LEGS ###,,2021.09/,Arrows included with the mech legs?,,,,,,,,,,,
,T0 Mech Leg ,3066502430,2021.09/,T0_Mech_Leg_Steam.blend,M1_Base,M1_foot,M1_leg1,M1_leg2,M1_leg3,,,,,,
#,T1 Mech Leg  ,76192516,2021.09/,T1_Mech_Leg.blend,M3_Base,M3_foot,M3_leg1,M3_leg2,M3_leg3,,,,,,
#,T2 Mech Leg  ,1789991181,2021.09/,T2_Mech_Leg.blend,M5_Base,M5_foot,M5_leg1,M5_leg2,M5_leg3,,,,,,
,T3 Mech Leg ,1611765553,2021.09/,T3_Mech_Leg.blend,M7_Base,M7_foot,M7_leg1,M7_leg2,M7_leg3,,,,,,
#,T4 Mech Leg  ,2452579137,2021.09/,T4_Mech_Leg.blend,M9_base,M9_foot,M9_leg1,M9_leg2,M9_leg3,,,,,,
#,T5 Mech Leg  ,4140335767,2021.09/,T5_Mech_Leg_Steam.blend,MX_base,MX_foot,MX_leg1,MX_leg2,MX_leg3,,,,,,
#,#,3660410821,2021.09/,T5_Mech_Leg_Gold_Steam.blend,MX_base,MX_foot,MX_leg1,MX_leg2,MX_leg3,,,,,,
#,#,,2021.09/,,,,,,,,,,,,
#,### SPRINTER LEGS ###,,2021.09/,,,,,,,,,,,,
#,T3 Sprinter Leg  ,3345472872,2021.09/,T3_Sprinter_Leg.blend,feet,legRotateSide,lowerleg,pipe,sprinterBase_small,toe,upperleg,SprinterLeg_Small_arrows,,,
,T4 Sprinter Leg ,1169080311,2021.09/,T4_Sprinter_Leg.blend,feet,legRotateSide,lowerleg,pipe,sprinterBase,toe,upperleg,SprinterLeg_Large_arrows,,,
#,#,,2021.09/,,,,,,,,,,,,
,T4 Sprinter Leg Carbon 6,2474131397,2021.09/,T4_Sprinter_Leg_Carbon6.blend,feet,legRotateSide,lowerleg,sprinterleg_large_carbon_6,toe,upperleg,SprinterLeg_Large_arrows,,,,
#,#,,2021.09/,,,,,,,,,,,,
#,### INSECT LEGS ###,,2021.09/,,,,,,,,,,,,
#,not used / Walker Leg T7 (Substituted),2535778622,2021.09/,T3_Insect_Leg.blend,Legs_Foot_T7,Legs_LowerLimb_T7,Legs_shoulder_T7,Legs_T7,Legs_UpperLimb_T7,,,,,,
#,T3 Insect Leg   / Walker Leg T8,127661231,2021.09/,T3_Insect_Leg.blend,Legs_Foot_T7,Legs_LowerLimb_T7,Legs_shoulder_T7,Legs_T7,Legs_UpperLimb_T7,,,,,,
#,not used  / Walker Leg T9 (Substituted),1889322041,2021.09/,T4_Insect_Leg.blend,Legs_Foot_T9,Legs_LowerLimb_T9,Legs_Shoulder_T9,Legs_T9,Legs_UpperLimb_T9,,,,,,
#,T4 Insect Leg   / Walker Leg T10,1668760037,2021.09/,T4_Insect_Leg.blend,Legs_Foot_T9,Legs_LowerLimb_T9,Legs_Shoulder_T9,Legs_T9,Legs_UpperLimb_T9,,,,,,
#,#,,2021.09/,,,,,,,,,,,,
#,T3 Insect Leg Blade,2671394050,2021.09/,T3_Insect_Leg_Blade.blend,Overwolf_Legs_Foot_T7,Overwolf_Legs_LowerLimb_T7,Overwolf_Legs_Shoulder_T7,Overwolf_Legs_T7,Overwolf_Legs_UpperLimb_T7,,,,,,
#,T4 Insect Leg Spider,875393229,2021.09/,T4_Insect_Leg_Spider.blend,Legs_LowerLimb_T9,Legs_Shoulder_T9,Legs_T9,Legs_UpperLimb_T9,Legs_Foot_T9,,,,,,
#,#,,2021.09/,,,,,,,,,,,,
,T2 Steering Ski  ,3080624795,2021.09/,T2_Steering_Ski.blend,Skid_Steering_Hinge,Skid_Steering_Skid,Skid_Steering_Suspension,Skid_Steering_T5,,,,,,,
#,T2 Ski  ,347391203,2021.09/,T2_Ski.blend,Skid_Static_Hinge,Skid_Static_Ski,Skid_Static_Suspension,Skid_Static_T5,,,,,,,
#,#,,2021.09/,,,,,,,,,,,,
#,### HOVERS ###,,2021.09/,,,,,,,,,,,,
,T0 Hovers   / Hover Blade T2,1851713730,2021.09/,T0_Hover_Steam.blend,RC_HoverBlade_T1_Blade,RC_HoverBlade_T1_Body,,,,,,,,,
,not used  / Hover Blade T3 (Substituted),947628072,2021.09/,T0_Hover_Steam.blend,RC_HoverBlade_T1_Blade,RC_HoverBlade_T1_Body,,,,,,,,,
,T1 Hovers   / Hover Blade T4,3170960304,2021.09/,T1_Hover_Steam.blend,RC_HoverBlade_T3_Blades,RC_HoverBlade_T3_Body,,,,,,,,,
,not used  / Hover Blade T5 (Substituted),1333565630,2021.09/,T1_Hover_Steam.blend,RC_HoverBlade_T3_Blades,RC_HoverBlade_T3_Body,,,,,,,,,
#,T2 Hovers   / Hover Blade T6,1639979618,2021.09/,T2_Hover_Steam.blend,RC_HoverBlade_T5_Blades,RC_HoverBlade_T5_Body,,,,,,,,,
,not used  / Hover Blade T7 (Substituted),3508014365,2021.09/,T2_Hover_Steam.blend,RC_HoverBlade_T5_Blades,RC_HoverBlade_T5_Body,,,,,,,,,
#,T3 Hovers   / Hover Blade T8,465491285,2021.09/,T3_Hover_Steam.blend,RC_HoverBlade_T7_Blades,RC_HoverBlade_T7_Body,,,,,,,,,
,not used  / Hover Blade T9 (Substituted),2787065227,2021.09/,T3_Hover_Steam.blend,RC_HoverBlade_T7_Blades,RC_HoverBlade_T7_Body,,,,,,,,,
,T4 Hovers   / Hover Blade T10,3347041415,2021.09/,T4_Hover_Steam.blend,RC_HoverBlade_T9_Blades,RC_HoverBlade_T9_Body,,,,,,,,,
#,T5 Hovers,3835205776,2021.09/,T5_Hover_Steam.blend,Mega_Hover_Blade,Mega_Hover_TX1,,,,,,,,,
,T5 Hovers Goldern,2217471839,2021.09/,T5_Hover_Gold_Steam.blend,Mega_Hover_Blade,Mega_Hover_TX1,,,,,,,,,
#,#,,2021.09/,,,,,,,,,,,,
#,### ROTORS ###,,2021.09/,,,,,,,,,,,,
,T2 Rotors ,3947193935,2021.09/,T2_Rotor.blend,Heli_Base_5,Heli_blades_5,Heli_Arrow_T6,,,,,,,,
,T3 Rotors ,3789940851,2021.09/,T3_Rotor.blend,Heli_Base_7,Heli_blades_7,Heli_Arrow_T8,,,,,,,,
,T4 Rotors ,1802864184,2021.09/,T4_Rotor.blend,Heli_Base_9,Heli_blades_9,Heli_Arrow_T10,,,,,,,,
#,#,,2021.09/,,,,,,,,,,,,
#,### WINGS ###,,2021.09/,,,,,,,,,,,,
,T2 Wing,3980928804,2021.09/,T2_Wing_Steam.blend,Wing_Hawk_Arrow,Wing_Hawk_Base,Wing_Hawk_Tip,,,,,,,,
,not used  / Aerofoil T5 (Substituted),1515578912,2021.09/,T2_Wing_Steam.blend,Wing_Hawk_Arrow,Wing_Hawk_Base,Wing_Hawk_Tip,,,,,,,,
,T3 Wing   / Aerofoil T6,2205394221,2021.09/,T3_Wing_Steam.blend,Wing_Falcon_Arrow,Wing_Falcon_Base,Wing_Falcon_Tip,,,,,,,,
,not used  / Aerofoil T7 (Substituted),879649833,2021.09/,T3_Wing_Steam.blend,Wing_Falcon_Arrow,Wing_Falcon_Base,Wing_Falcon_Tip,,,,,,,,
#,T4 Wing   / Aerofoil T8,2312317713,2021.09/,T4_Wing_Steam.blend,Wing_Eagle_Arrow,Wing_Eagle_Base,Wing_Eagle_Tip,,,,,,,,
#,not used  / Aerofoil T9 (Substituted),1053747733,2021.09/,T4_Wing_Steam.blend,Wing_Eagle_Arrow,Wing_Eagle_Base,Wing_Eagle_Tip,,,,,,,,
#,T5 Wing   / Aerofoil T10,2464192350,2021.09/,T5_Wing_Steam.blend,Wing_Albatross_Arrow,Wing_Albatross_Base,Wing_Albatross_Tip,,,,,,,,
#,#,,2021.09/,,,,,,,,,,,,
#,T4 Wing Bat,2865954846,2021.09/,T4_Wing_Bat_Steam.blend,RC_BatFoil_T8,RC_BatFoil_T8_1,RC_BatFoil_T8_Flap,,,,,,,,
,T5 Wing Bat,2863842421,2021.09/,T5_Wing_Bat_Steam.blend,RC_BatFoil_T10_Arrows,Batfoil_T10,RC_BatFoil_T10_Flap,,,,,,,,
#,#,,2021.09/,,,,,,,,,,,,
#,### RUDDERS ###,,2021.09/,,,,,,,,,,,,
,T2 Rudder,2369778644,2021.09/,T2_Rudder_Steam.blend,Rudder_Hawk_Arrow,Rudder_Hawk_Base,Rudder_Hawk_Tip,,,,,,,,
,not used  / Rudder T5  (Substituted),975319760,2021.09/,T2_Rudder_Steam.blend,Rudder_Hawk_Arrow,Rudder_Hawk_Base,Rudder_Hawk_Tip,,,,,,,,
,T3 Rudder   / Rudder T6,3808719325,2021.09/,T3_Rudder_Steam.blend,Rudder_Falcon_Arrow,Rudder_Falcon_Base,Rudder_Falcon_Tip,,,,,,,,
,not used  / Rudder T7  (Substituted),1410969817,2021.09/,T3_Rudder_Steam.blend,Rudder_Falcon_Arrow,Rudder_Falcon_Base,Rudder_Falcon_Tip,,,,,,,,
,T4 Rudder   / Rudder T8,3919904737,2021.09/,T4_Rudder_Steam.blend,Rudder_Eagle_Arrow,Rudder_Eagle_Base,Rudder_Eagle_Tip,,,,,,,,
,not used  / Rudder T9  (Substituted),1589198565,2021.09/,T4_Rudder_Steam.blend,Rudder_Eagle_Arrow,Rudder_Eagle_Base,Rudder_Eagle_Tip,,,,,,,,
,T5 Rudder   / Rudder T10,2608683011,2021.09/,T5_Rudder_Steam.blend,Rudder_Albatross_Arrow,Rudder_Albatross_Base,Rudder_Albatross_Tip,,,,,,,,
#,#,,2021.09/,,,,,,,,,,,,
#,T4 Rudder Bat,2928920064,2021.09/,T4_Rudder_Bat_Steam.blend,Batrudder_T8,RC_BatRudder_Arrow_T8,RC_BatRudder_Flap_T10,,,,,,,,
#,T5_Rudder Bat,2404311559,2021.09/,T5_Rudder_Bat_Steam.blend,Batrudder_T10,Batrudder_T10_Flap,RC_Rudder_Arrow_L10,,,,,,,,
#,#,,2021.09/,,,,,,,,,,,,
#,### THRUSTERS ###,,2021.09/,,,,,,,,,,,,
#,T1 Thruster   / Thruster T2 ,844778245,2021.09/,T1_Thruster_Steam.blend,RC_Jet_L1_arrow,RC_Thruster_T1,,,,,,,,,
,not used  / Thruster T3  (Substituted),4276453881,2021.09/,T1_Thruster_Steam.blend,RC_Jet_L1_arrow,RC_Thruster_T1,,,,,,,,,
#,T2 Thruster   / Thruster T4 ,2498076128,2021.09/,T2_Thruster_Steam.blend,RC_Thruster_T3,polySurface1865,,,,,,,,,
,not used  / Thruster T5  (Substituted),1572019677,2021.09/,T2_Thruster_Steam.blend,RC_Thruster_T3,polySurface1865,,,,,,,,,
#,T3 Thruster   / Thruster T6 ,3764614578,2021.09/,T3_Thruster_Steam.blend,RC_Jet_L3_arrow,RC_Thruster_T5,,,,,,,,,
,not used  / Thruster T7  (Substituted),3285682302,2021.09/,T3_Thruster_Steam.blend,RC_Jet_L3_arrow,RC_Thruster_T5,,,,,,,,,
#,T4 Thruster   / Thruster T8,3938712462,2021.09/,T4_Thruster_Steam.blend,RC_Jet_L4_arrow,RC_Thruster_T7,,,,,,,,,
,not used  / Thruster T9  (Substituted),3033577704,2021.09/,T4_Thruster_Steam.blend,RC_Jet_L4_arrow,RC_Thruster_T7,,,,,,,,,
#,T5 Thruster   / Thruster T10,2969949587,2021.09/,T5_Thruster_Steam.blend,RC_Jet_L5_arrow,RC_Thruster_T9,,,,,,,,,
,T5 thruster Carbon 6 ,944347375,2021.09/,T5_Thruster_Carbon6_Steam.blend,C6_Thruster_T10,RC_Jet_L5_arrow,,,,,,,,,
#,#,,2021.09/,,,,,,,,,,,,
#,### PROPS ###,,2021.09/,,,,,,,,,,,,
,T3 Prop,3286209719,2021.09/,T3_Propeller_Steam.blend,Propeller_Arrow_Small,Propeller_Small_Base,Propeller_Small_Blades,,,,,,,,
,T4 Prop   ,2784549582,2021.09/,T4_Propeller_Steam.blend,Propeller_Arrow_Large,Propeller_Large_Base,Propeller_Large_Blades,,,,,,,,
#,#,,2021.09/,,,,,,,,,,,,
#,### FRONT MOUNTED LASERS ###,,2021.09/,,,,,,,,,,,,
,not used  / Front Mount SMG T1  (Substituted),1337963121,2021.09/,T0_Front_Laser_Steam.blend,arrows_180,SMG_H_Arm_T1,SMG_H_Barrel_T1,SMG_H_Base_T1,,,,,,,
,T0 Front Laser   / Front Mount SMG T2 ,3402350870,2021.09/,T0_Front_Laser_Steam.blend,arrows_180,SMG_H_Arm_T1,SMG_H_Barrel_T1,SMG_H_Base_T1,,,,,,,
,not used  / Front Mount SMG T3  (Substituted),776342052,2021.09/,T1_Front_Laser_Steam.blend,arrows_180,SMG_H_Arm_T3,SMG_H_Barrel_T3,SMG_H_Base_T3,,,,,,,
,T1 Front Laser   / Front Mount SMG T4,2494440442,2021.09/,T1_Front_Laser_Steam.blend,arrows_180,SMG_H_Arm_T3,SMG_H_Barrel_T3,SMG_H_Base_T3,,,,,,,
,not used   / Front Mount SMG T5  (Substituted),1497447090,2021.09/,T2_Front_Laser.blend,arrows_180,SMG_H_Arm_T5,SMG_H_Barrel_T5,SMG_H_Base_T5,,,,,,,
,T2 Front Laser   / Front Mount SMG T6 ,1584562849,2021.09/,T2_Front_Laser.blend,arrows_180,SMG_H_Arm_T5,SMG_H_Barrel_T5,SMG_H_Base_T5,,,,,,,
,not used  / Front Mount SMG T7  (Substituted),3341135633,2021.09/,T3_Front_Laser.blend,arrows_180,SMG_H_Arm_T7,SMG_H_Barrel_T7,SMG_H_Base_T7,,,,,,,
,T3 Front Laser   / Front Mount SMG T8 ,2675516967,2021.09/,T3_Front_Laser.blend,arrows_180,SMG_H_Arm_T7,SMG_H_Barrel_T7,SMG_H_Base_T7,,,,,,,
,not used  / Front Mount SMG T9  (Substituted),2955059079,2021.09/,T4_Front_Laser.blend,arrows_180,SMG_H_Arm_T9,SMG_H_Barrel_T9,SMG_H_Base_T9,SMG_H_Inner_Barrel_T9,,,,,,
,T4 Front Laser   / Front Mount SMG T10 ,1436911484,2021.09/,T4_Front_Laser.blend,arrows_180,SMG_H_Arm_T9,SMG_H_Barrel_T9,SMG_H_Base_T9,SMG_H_Inner_Barrel_T9,,,,,,
#,#,,2021.09/,,,,,,,,,,,,
#,### TOP MOUNTED LASERS ###,,2021.09/,,,,,,,,,,,,
,not used  / Top Mount SMG T1 (Substituted),2929054885,2021.09/,T0_Laser_Steam.blend,SMG_Arm_T1,SMG_Barrel_T1,SMG_Base_T1,,,,,,,,
,T0 Laser   / Top Mount SMG T2 ,3809895395,2021.09/,T0_Laser_Steam.blend,SMG_Arm_T1,SMG_Barrel_T1,SMG_Base_T1,,,,,,,,
,not used  / Top Mount SMG T3  (Substituted),2985370719,2021.09/,T1_Laser_Steam.blend,SMG_Arm_T3,SMG_Barrel_T3,SMG_Base_T3,,,,,,,,
,T1 Laser   / Top Mount SMG T4,3178463503,2021.09/,T1_Laser_Steam.blend,SMG_Arm_T3,SMG_Barrel_T3,SMG_Base_T3,,,,,,,,
,not used  / Top Mount SMG T5  (Substituted),3338015945,2021.09/,T2_Laser.blend,SMG_Arm_T5,SMG_Barrel_T5,SMG_Base_T5,,,,,,,,
,T2 Laser   / Top Mount SMG T6 ,2007965780,2021.09/,T2_Laser.blend,SMG_Arm_T5,SMG_Barrel_T5,SMG_Base_T5,,,,,,,,
,not used  / Top Mount SMG T7  (Substituted),1485996394,2021.09/,T3_Laser.blend,SMG_Arm_T7,SMG_Barrel_T7,SMG_Base_T7,,,,,,,,
,T3 Laser   / Top Mount SMG T8 ,3064235218,2021.09/,T3_Laser.blend,SMG_Arm_T7,SMG_Barrel_T7,SMG_Base_T7,,,,,,,,
,not used  / Top Mount SMG T9  (Substituted),798339580,2021.09/,T4_Laser.blend,SMG_Arm_T9,SMG_Barrel_T9,SMG_Base_T9,SMG_Inner_Barrel_T9,,,,,,,
,T4 Laser   / Top Mount SMG T10 ,2088248713,2021.09/,T4_Laser.blend,SMG_Arm_T9,SMG_Barrel_T9,SMG_Base_T9,SMG_Inner_Barrel_T9,,,,,,,
#,T5 Laser ,3209000021,2021.09/,T5_Laser_Steam.blend,RC_Laser_mk5_V_arrows,RC_SMG_TX1_Arm,RC_SMG_TX1_Barrel,RC_SMG_TX1_Base,RC_SMG_TX1_Muzzle,,,,,,
#,#,,2021.09/,,,,,,,,,,,,
,T5 Laser (Gold),3851710054,2021.09/,T5_Laser_Gold_Steam.blend,RC_Laser_mk5_V_arrows,RC_SMG_TX1_Arm,RC_SMG_TX1_Barrel,RC_SMG_TX1_Base,RC_SMG_TX1_Muzzle,,,,,,
,T4 Laser Carbon 6,3632954889,2021.09/,T4_Laser_Carbon6.blend,C6_SMG_Arm_T10,C6_SMG_Barrel_T10,C6_SMG_Base_T10,C6_SMG_Inner_Barrel_T10,RC_Laser_mk5_V_arrows,,,,,,
,T5 Laser Carbon 6,1199458351,2021.09/,T5_Laser_Carbon6_Steam.blend,RC_Laser_mk5_V_arrows,SMG_TX1_C6_Arm,SMG_TX1_C6_Barrel,SMG_TX1_C6_Base,SMG_TX1_C6_Body,,,,,,
#,#,,2021.09/,,,,,,,,,,,,
#,### PLASMA ###,,2021.09/,,,,,,,,,,,,
,T0 Plasma  ,2655409492,2021.09/,T0_Plasma_Steam.blend,RC_Laser_mk1_V_arrows,RC_Plasma_cannon_T1_Arm,RC_Plasma_cannon_T1_Base,RC_Plasma_cannon_T1_Body,,,,,,,
,not used  / Plasma Launcher T3,1412971690,2021.09/,T0_Plasma_Steam.blend,RC_Laser_mk1_V_arrows,RC_Plasma_cannon_T1_Arm,RC_Plasma_cannon_T1_Base,RC_Plasma_cannon_T1_Body,,,,,,,
,T1 Plasma   / Plasma Launcher T4,1293532710,2021.09/,T1_Plasma_Steam.blend,RC_Laser_mk2_V_arrows,RC_Plasma_cannon_T3_Arm,RC_Plasma_cannon_T3_Base,RC_Plasma_cannon_T3_Body,,,,,,,
,not used  / Plasma Launcher T5,3810917806,2021.09/,T1_Plasma_Steam.blend,RC_Laser_mk2_V_arrows,RC_Plasma_cannon_T3_Arm,RC_Plasma_cannon_T3_Base,RC_Plasma_cannon_T3_Body,,,,,,,
,T2 Plasma   / Plasma Launcher T6,2446895092,2021.09/,T2_Plasma.blend,RC_Laser_mk3_V_arrows,RC_Plasma_cannon_T5_Arm,RC_Plasma_cannon_T5_Base,RC_Plasma_cannon_T5_Body,,,,,,,
,not used  / Plasma Launcher T7,3866475184,2021.09/,T2_Plasma.blend,RC_Laser_mk3_V_arrows,RC_Plasma_cannon_T5_Arm,RC_Plasma_cannon_T5_Base,RC_Plasma_cannon_T5_Body,,,,,,,
,T3 Plasma   / Plasma Launcher T8,3953551555,2021.09/,T3_Plasma.blend,RC_Laser_mk4_V_arrows,RC_Plasma_cannon_T7_Arm,RC_Plasma_cannon_T7_Base,RC_Plasma_cannon_T7_Body,,,,,,,
,not used  / Plasma Launcher T9,1365801908,2021.09/,T3_Plasma.blend,RC_Laser_mk4_V_arrows,RC_Plasma_cannon_T7_Arm,RC_Plasma_cannon_T7_Base,RC_Plasma_cannon_T7_Body,,,,,,,
,T4 Plasma   / Plasma Launcher T10,929526033,2021.09/,T4_Plasma.blend,RC_Laser_mk5_V_arrows,RC_Plasma_cannon_T9_Arm,RC_Plasma_cannon_T9_Base,RC_Plasma_cannon_T9_Body,,,,,,,
,T5 Plasma  ,171448327,2021.09/,T5_Plasma_Steam.blend,RC_Plasma_TX1_Arm,RC_Plasma_TX1_Barrel,RC_Plasma_TX1_Base,RC_TX1_Plasma_Arrows,,,,,,,
#,#,,2021.09/,1,,,,,,,,,,,
,T4 Plasma Carbon 6,1593059007,2021.09/,T4_Plasma_Carbon6.blend,C6_Plasma_T10_Arm,C6_Plasma_T10_Barrel,C6_Plasma_T10_Base,RC_Laser_mk5_V_arrows,,,,,,,
#,#,2943284935,2021.09/,T5_Plasma_Carbon6_Steam.blend,C6_Plasma_Mega_Arm,C6_Plasma_Mega_Barrel,C6_Plasma_Mega_Base,RC_TX1_Plasma_Arrows,,,,,,,
,T5 Plasma (Gold),2943284935,2021.09/,T5_Plasma_Gold_Steam.blend,RC_Plasma_TX1_Arm,RC_Plasma_TX1_Barrel,RC_Plasma_TX1_Base,RC_TX1_Plasma_Arrows,,,,,,,
#,#,,2021.09/,,,,,,,,,,,,
#,### RAIL GUNS ###,,2021.09/,,,,,,,,,,,,
,T1 Rail   / Rail Cannon T4,1640043587,2021.09/,T1_Rail_Steam.blend,RC_Laser_mk2_V_arrows,RC_Rail_cannon_T4_Arm,RC_Rail_cannon_T4_Base,RC_Rail_cannon_T4_Body,,,,,,,
, / Rail Cannon T5 (Substituted),360854742,2021.09/,T1_Rail_Steam.blend,RC_Laser_mk2_V_arrows,RC_Rail_cannon_T4_Arm,RC_Rail_cannon_T4_Base,RC_Rail_cannon_T4_Body,,,,,,,
,T2 Rail   / Rail Cannon T6,2870850840,2021.09/,T2_Rail.blend,RC_Laser_mk3_V_arrows,RC_Rail_cannon_T5_Arm,RC_Rail_cannon_T5_Base,RC_Rail_cannon_T5_Body,,,,,,,
, / Rail Cannon T7 (Substituted),282227656,2021.09/,T2_Rail.blend,RC_Laser_mk3_V_arrows,RC_Rail_cannon_T5_Arm,RC_Rail_cannon_T5_Base,RC_Rail_cannon_T5_Body,,,,,,,
,T3 Rail   / Rail Cannon T8,1779831198,2021.09/,T3_Rail.blend,RC_Laser_mk4_V_arrows,RC_Rail_cannon_T7_Arm,RC_Rail_cannon_T7_Base,RC_Rail_cannon_T7_Body,,,,,,,
, / Rail Cannon T9 (Substituted),2815406796,2021.09/,T3_Rail.blend,RC_Laser_mk4_V_arrows,RC_Rail_cannon_T7_Arm,RC_Rail_cannon_T7_Base,RC_Rail_cannon_T7_Body,,,,,,,
,T4 Rail   / Rail Cannon T10,2697638085,2021.09/,T4_Rail.blend,RC_Laser_mk5_V_arrows,RC_Rail_cannon_T9_Arm,RC_Rail_cannon_T9_Base,RC_Rail_cannon_T9_Body,,,,,,,
,T5 Rail  ,2083340214,2021.09/,T5_Rail.blend,Mega_Rail_Base,Mega_Rail_Hor_Pivot,Mega_Rail_Vert_Pivot_1,Mega_Rail_Vert_Pivot_2,RC_Laser_mk5_V_arrows,,,,,,
#,#,,2021.09/,,,,,,,,,,,,
,T5 Rail (Gold),447003593,2021.09/,T5_Rail_Gold_Steam.blend,Mega_Rail_Base,Mega_Rail_Hor_Pivot,Mega_Rail_Vert_Pivot_1,Mega_Rail_Vert_Pivot_2,RC_Laser_mk5_V_arrows,,,,,,
#,#,,2021.09/,,,,,,,,,,,,
#,### NANOS ###,,2021.09/,,,,,,,,,,,,
,T2 Nano   / Nanotech Disruptor T6,1761903423,2021.09/,T2_Nano.blend,Arm,Base,Body,RC_Laser_mk3_V_arrows,,,,,,,
, / Nanotech Disruptor T7 (Substituted),3726197307,2021.09/,T2_Nano.blend,Arm,Base,Body,RC_Laser_mk3_V_arrows,,,,,,,
,T3 Nano   / Nanotech Disruptor T8,1671695619,2021.09/,T3_Nano.blend,Arm,Base,Body,RC_Laser_mk4_V_arrows,,,,,,,
, / Nanotech Disruptor T9 (Substituted),3568946183,2021.09/,T3_Nano.blend,Arm,Base,Body,RC_Laser_mk4_V_arrows,,,,,,,
,T4 Nano   / Nanotech Disruptor T10,2364175165,2021.09/,T4_Nano.blend,Arm,Base,Body,RC_Laser_mk5_V_arrows,,,,,,,
#,#,,2021.09/,,,,,,,,,,,,
#,### TESSLA ###,,2021.09/,,,,,,,,,,,,
,T2 Tesla  ,2017654588,2021.09/,T2_Tesla.blend,Tesla_Blade_Arm_L1,Tesla_Blade_Arm_R1,Tesla_Blade_Base_T8,Tesla_Blade_Blade1,,,,,,,
,T3 Tesla  ,3479123512,2021.09/,T3_Tesla.blend,Tesla_Blade_Arm_L1,Tesla_Blade_Arm_L2,Tesla_Blade_Arm_R1,Tesla_Blade_Arm_R2,Tesla_Blade_Base_T9,Tesla_Blade_Blade1,Tesla_Blade_Blade2,,,,
,T4 Tesla  ,2703353899,2021.09/,T4_Tesla.blend,Tesla_Blade_Arm_L1,Tesla_Blade_Arm_L2,Tesla_Blade_Arm_L3,Tesla_Blade_Arm_R1,Tesla_Blade_Arm_R2,Tesla_Blade_Arm_R3,Tesla_Blade_Base_T10,Tesla_Blade_Blade1,Tesla_Blade_Blade2,Tesla_Blade_Blade3,
#,#,,2021.09/,,,,,,,,,,,,
#,### SEEKERS ###,,2021.09/,,,,,,,,,,,,
,T3 Seeker  ,48150119,2021.09/,T3_Seeker.blend,RC_TX1_Plasma_Arrows,Seeker_Arm,Seeker_Barrel,Seeker_Base,,,,,,,
,T4 Seeker  ,350778877,2021.09/,T4_Seeker.blend,lock_on_missile_launcher_huge_arm,lock_on_missile_launcher_huge_barrel,lock_on_missile_launcher_huge_base,lockon_missile_head,lockon_missile_head.001,lockon_missile_head.002,RC_TX1_Plasma_Arrows,,,,
,T5 Seeker  ,2419806013,2021.09/,T5_Seeker_Steam.blend,lock_on_missile_launcher,RC_TX1_Plasma_Arrows,rocketlauncher_arm,rocketlauncher_body,lockon_missile_head,lockon_missile_head.001,lockon_missile_head.002,lockon_missile_head.003,lockon_missile_head.004,lockon_missile_head.005,
,T5_Seeker_Firework_Steam,3437168371,2021.09/,T5_Seeker_Firework_Steam.blend,RC_TX1_Plasma_Arrows,T5_Seeker_Firework_Steam_Base,T5_Seeker_Firework_Steam_Body,T5_Seeker_Firework_Steam_Missiles,T5_Seeker_Firework_Stream_Arm,,,,,,
,T5_Seeker_Gold_Steam,3832533619,2021.09/,T5_Seeker_Gold_Steam.blend,lock_on_missile_launcher,lockon_missile_head,lockon_missile_head.001,lockon_missile_head.002,lockon_missile_head.003,lockon_missile_head.004,lockon_missile_head.005,RC_TX1_Plasma_Arrows,rocketlauncher_arm,rocketlauncher_body,
#,#,,2021.09/,,,,,,,,,,,,
#,### FLAK ###,,2021.09/,,,,,,,,,,,,
,T4 Flak  ,3947892032,2021.09/,T4_AeroFlak.blend,flak_base,flak_gun,flak_joint,RC_TX1_Plasma_Arrows,,,,,,,
,T5 Flak  ,73607413,2021.09/,T5_AeroFlak_Steam.blend,Aeroflak_Arm,Aeroflak_Base,Aeroflak_Body,RC_TX1_Plasma_Arrows,,,,,,,
#,#,,2021.09/,,,,,,,,,,,,
#,### CHAINGUNS ###,,2021.09/,,,,,,,,,,,,
,T4 Chaingun  ,1318129004,2021.09/,T4_Chaingun.blend,Chaingun_Huge_Barrel,Chaingun_Huge_Base,Chaingun_Huge_Hor_Pivot,Chaingun_Huge_Vert_Pivot_1,Chaingun_Huge_Vert_Pivot_2,RC_Laser_mk5_V_arrows,,,,,
,T5 Chaingun  ,1795842454,2021.09/,T5_Chaingun.blend,Chaingun_Barrel,Chaingun_Base,Chaingun_Hor_Pivot,Chaingun_Vert_Pivot_1,Chaingun_Vert_Pivot_2,RC_Laser_mk5_V_arrows,,,,,
,T5 Chaingun Gold Steam,194724715,2021.09/,T5_Chaingun_Gold_Steam.blend,Chaingun_Barrel,Chaingun_Base,Chaingun_Hor_Pivot,Chaingun_Vert_Pivot_1,Chaingun_Vert_Pivot_2,RC_Laser_mk5_V_arrows,,,,,
#,#,,2021.09/,,,,,,,,,,,,
#,### ION ###,,2021.09/,,,,,,,,,,,,
,T4 Ion  ,3541341953,2021.09/,T4_Ion.blend,Ion_Destabiliser_Arms,Ion_Destabiliser_Barrel,Ion_Destabiliser_Base,Ion_Destabiliser_Body,RC_Laser_mk5_V_arrows,,,,,,
,T5 Ion  ,1184153980,2021.09/,T5_Ion_Steam.blend,ion_distorter_arms,ion_distorter_barrel,ion_distorter_base,ion_distorter_body,RC_Laser_mk5_V_arrows,,,,,,
,T5 Ion Cardlife Steam,2295212085,2021.09/,T5_Ion_Cardlife_Steam.blend,ion_distorter_arms,ion_distorter_barrel,ion_distorter_base,ion_distorter_body,RC_Laser_mk5_V_arrows,,,,,,
,T5 Ion (Gold),105639928,2021.09/,T5_Ion_Gold_Steam.blend,ion_distorter_arms,ion_distorter_barrel,ion_distorter_base,ion_distorter_body,RC_Laser_mk5_V_arrows,,,,,,
#,#,,2021.09/,,,,,,,,,,,,
#,### MORTAR ###,,2021.09/,,,,,,,,,,,,
,T5 Mortar  ,1885850433,2021.09/,T5_Mortar.blend,Gyro_Mortar_Barrel,Gyro_Mortar_Base,Gyro_Mortar_Gymbal,RC_GyroMortar_Arrows,,,,,,,
,T5_Mortar_Egg,3087866254,2021.09/,T5_Mortar_Egg.blend,Barrel_Gyro_Mortar_Egg2,Base_Gyro_Mortar_Egg,Body_02_Gyro_Mortar_Egg,Body_Gyro_Mortar_Egg,Gyro_Mortar_Shell_Egg,RC_GyroMortar_Arrows,,,,,
,T5 Mortar Gold Steam,2256680330,2021.09/,T5_Mortar_Gold_Steam.blend,Gyro_Mortar_Barrel,Gyro_Mortar_Base,Gyro_Mortar_Gymbal,RC_GyroMortar_Arrows,,,,,,,
#,#,,2021.09/,,,,,,,,,,,,
#,### MODULES ###,,2021.09/,,,,,,,,,,,,
,Blink Module  ,3987245394,2021.09/,T5_Blink_Module.blend,Teleport_Module,Teleport_Module_Glow,,,,,,,,,
,Disc Shield Module  ,3263542661,2021.09/,T5_Disc_Shield_Module.blend,Disc_Shield_Module,Disc_Shield_Module_Glow,,,,,,,,,
,Emp Module  ,658488560,2021.09/,T5_EMP_Module.blend,EMP_Base,EMP_Spindle,,,,,,,,,
,Energy Module  ,1692614192,2021.09/,T5_Weapon_Energy_Module.blend,Mega_Module,,,,,,,,,,
,Ghost Modue  ,4230376397,2021.09/,T5_Ghost_Module.blend,Cloak_Module,,,,,,,,,,
,Windowmaker Module  ,344080878,2021.09/,T5_Windowmaker_Module.blend,Radar_Base,Radar_Arm,Radar_Arm2,Radar_Dish,,,,,,,
#,#,,2021.09/,,,,,,,,,,,,
#,### ELECTRO SHIELDS ###,,2021.09/,,,,,,,,,,,,
,Electroshield_A_Left,1771929753,2021.09/,T3_ElectroShield_A_Left_Steam.blend,ElectroPlate_L_L2,,,,,,,,,,
,Electroshield_A_Right,2457663915,2021.09/,T3_ElectroShield_A_Right_Steam.blend,ElectroPlate_R_L2,,,,,,,,,,
,Electroshield_B_Left,3732947357,2021.09/,T3_ElectroShield_B_Left_Steam.blend,ElectroPlate_L_L3,,,,,,,,,,
,Electroshield_B_Right,627128495,2021.09/,T3_ElectroShield_B_Right_Steam.blend,ElectroPlate_R_L3,,,,,,,,,,
,Electroshield_C_Left,3687843459,2021.09/,T3_ElectroShield_C_Left_Steam.blend,ElectroPlate_L_L4,,,,,,,,,,
,Electroshield_C_Right,540114865,2021.09/,T3_ElectroShield_C_Right_Steam.blend,ElectroPlate_R_L4,,,,,,,,,,
,Football_Plate_Left,3152416924,2021.09/,T3_ElectroShield_D_Left_Football_Steam.blend,polySurface17,,,,,,,,,,
,Football_Plate_Right,3248328684,2021.09/,T3_ElectroShield_D_Right_Football_Steam.blend,polySurface18,,,,,,,,,,
,Spiked_Plate_Left,1361801646,2021.09/,T3_ElectroShield_D_left_Spiked_Steam.blend,Dwarf_Plate_T5_L,,,,,,,,,,
,Spiked_Plate_Right,726724318,2021.09/,T3_ElectroShield_D_Right_Spiked_Steam.blend,Dwarf_Plate_T5_R,,,,,,,,,,
,Electroshield_D_Left,1825425287,2021.09/,T3_ElectroShield_D_Left_Steam.blend,ElectroPlate_L_L5,,,,,,,,,,
,Electroshield_D_Right,2536292021,2021.09/,T3_ElectroShield_D_Right_Steam.blend,ElectroPlate_R_L5,,,,,,,,,,
,Electroshield_E_Left,3052110986,2021.09/,T3_ElectroShield_E_left_Steam.blend,ElectroPlate_L_L6,,,,,,,,,,
,Electroshield_E_Right,1309343160,2021.09/,T3_ElectroShield_E_Right_Steam.blend,ElectroPlate_R_L6,,,,,,,,,,
,Electroshield_F_Left,49694094,2021.09/,T3_ElectroShield_F_Left_Steam.blend,ElectroPlate_L_L7,,,,,,,,,,
,Electroshield_F_Right,4179049660,2021.09/,T3_ElectroShield_F_Right_Steam.blend,ElectroPlate_R_L7,,,,,,,,,,
,Electroshield_G_Left,3209366198,2021.09/,T3_ElectroShield_G_Left_Steam.blend,Electroplate_L_L8,,,,,,,,,,
,Electroshield_G_Right,1152021380,2021.09/,T3_ElectroShield_G_Right_Steam.blend,Electroplate_R_L8,,,,,,,,,,
,Electroshield_H_Left,139905970,2021.09/,T3_ElectroShield_H_Left_Steam.blend,ElectroPlate_L_L9,,,,,,,,,,
,Electroshield_H_Right,4088902272,2021.09/,T3_ElectroShield_H_Right_Steam.blend,ElectroPlate_R_L9,,,,,,,,,,
,Electroshield_I_Left,1889152405,2021.09/,T3_ElectroShield_I_Left_Steam.blend,ElectroPlate_L_L10,,,,,,,,,,
,Electroshield_I_Right,3823106277,2021.09/,T3_ElectroShield_I_Right_Steam.blend,ElectroPlate_R_L10,,,,,,,,,,
#,Electroshield_J_Left,3365106304,2021.09/,T3_ElectroShield_J_Left_Steam.blend,MegaPlate_TX1A_L,,,,,,,,,,
#,Electroshield_J_Right,3001609712,2021.09/,T3_ElectroShield_J_Right_Steam.blend,MegaPlate_TX1A_R,,,,,,,,,,
#,Electroshield_K_Left,1097210754,2021.09/,T3_ElectroShield_K_Left_Steam.blend,MegaPlate_TX1B_L,,,,,,,,,,
#,Electroshield_K_Right,991790322,2021.09/,T3_ElectroShield_K_Right_Steam.blend,MegaPlate_TX1B_R,,,,,,,,,,
,Electroshield_Left,1264237222,2021.09/,T3_ElectroShield_Left_Steam.blend,ElectroPlate_L_L1,,,,,,,,,,
,Electroshield_Right,2965095316,2021.09/,T3_ElectroShield_Right_Steam.blend,ElectroPlate_R_L1,,,,,,,,,,
#,#,#,2021.09/,,,,,,,,,,,,
#,# / Electroplate L T3,2860532867,2021.09/,Spotter-Mace-0.blend,Mace,,,,,,,,,,
#,# / Electroplate L T4,2949645213,2021.09/,Spotter-Mace-0.blend,Mace,,,,,,,,,,
#,# / Electroplate L T5,416137881,2021.09/,Spotter-Mace-0.blend,Mace,,,,,,,,,,
#,# / Electroplate L T6,3253436820,2021.09/,Spotter-Mace-0.blend,Mace,,,,,,,,,,
#,# / Electroplate L T7,1995849872,2021.09/,Spotter-Mace-0.blend,Mace,,,,,,,,,,
#,# / Electroplate L T8,3410694056,2021.09/,Spotter-Mace-0.blend,Mace,,,,,,,,,,
#,# / Electroplate L T9,2086063788,2021.09/,Spotter-Mace-0.blend,Mace,,,,,,,,,,
#,# / Electroplate L T10,3823106277,2021.09/,Spotter-Mace-0.blend,Mace,,,,,,,,,,
#,# / Electroplate R T3,3746649421,2021.09/,Spotter-Mace-0.blend,Mace,,,,,,,,,,
#,# / Electroplate R T4,3657503315,2021.09/,Spotter-Mace-0.blend,Mace,,,,,,,,,,
#,# / Electroplate R T5,1830605655,2021.09/,Spotter-Mace-0.blend,Mace,,,,,,,,,,
#,# / Electroplate R T6,3023736922,2021.09/,Spotter-Mace-0.blend,Mace,,,,,,,,,,
#,# / Electroplate R T7,52908382,2021.09/,Spotter-Mace-0.blend,Mace,,,,,,,,,,
#,# / Electroplate R T8,3197771366,2021.09/,Spotter-Mace-0.blend,Mace,,,,,,,,,,
#,# / Electroplate R T9,159899490,2021.09/,Spotter-Mace-0.blend,Mace,,,,,,,,,,
#,# / Electroplate R T10,1889152405,2021.09/,Spotter-Mace-0.blend,Mace,,,,,,,,,,
#,#,,2021.09/,,,,,,,,,,,,
#,### SPECIAL ###,,2021.09/,,,,,,,,,,,,
,Altimeter,2820370110,2021.09/,Altimeter.blend,RC_Cube_Altimeter,,,,,,,,,,
,Cockpit_Front_Left,717544517,2021.09/,Cockpit_Front_Left.blend,Megabot_MkII_Cockpit_Front_L,,,,,,,,,,
,Cockpit_Front_Right,1354711861,2021.09/,Cockpit_Front_Right.blend,Megabot_MkII_Cockpit_Front_R,,,,,,,,,,
,Cockpit_Mid_Left,3688596442,2021.09/,Cockpit_Mid_Left.blend,Megabot_MkII_Cockpit_Mid_L,,,,,,,,,,
,Cockpit_Mid_Right,2711624874,2021.09/,Cockpit_Mid_Right.blend,Megabot_MkII_Cockpit_Mid_R,,,,,,,,,,
,Cockpit_Top_Left,3970675339,2021.09/,Cockpit_Top_Left.blend,Megabot_MkII_Cockpit_Top_L,,,,,,,,,,
,Cockpit_Top_Right,2530225659,2021.09/,Cockpit_Top_Right.blend,Megabot_MkII_Cockpit_Top_R,,,,,,,,,,
,Flipper_Large,2297667466,2021.09/,Flipper_Large.blend,Flipper_Large,,,,,,,,,,
,Flipper_Medium,3083647184,2021.09/,Flipper_Medium.blend,Flipper_Medium,,,,,,,,,,
,Flipper_Small,2707915966,2021.09/,Flipper_Small.blend,Flipper_Small,,,,,,,,,,
,Jammer_Large,575087658,2021.09/,Jammer_Large.blend,Jammer_Large,,,,,,,,,,
,Jammer_Medium,3106939802,2021.09/,Jammer_Medium.blend,Jammer_Medium,,,,,,,,,,
,Jammer_Small,198393630,2021.09/,Jammer_Small.blend,Jammer_Small,,,,,,,,,,
,Radar_Large,3370519355,2021.09/,Radar_Large.blend,Radar_Large,,,,,,,,,,
,Radar_Medium,2115785469,2021.09/,Radar_Medium.blend,Radar_Medium,,,,,,,,,,
,Radar_Small,3782348815,2021.09/,Radar_Small.blend,Radar_Small,,,,,,,,,,
,RC_Cube_PilotSeat_Bunny,1061758673,2021.09/,RC_Cube_PilotSeat_Bunny.blend,new_bunnyseat:PilotSeat_Mega,Bunny,,,,,,,,,
,RC_Cube_PilotSeat_Cray,2843561040,2021.09/,RC_Cube_PilotSeat_Cray.blend,PilotSeat_Cray,Cray,,,,,,,,,
,RC_Cube_PilotSeat_Gene,1427441647,2021.09/,RC_Cube_PilotSeat_Gene.blend,PilotSeat_Gene,Gene,,,,,,,,,
,RC_Cube_PilotSeat_Mega,2325944783,2021.09/,RC_Cube_PilotSeat_Mega.blend,PilotSeat_Mega,Tianhe,,,,,,,,,
,RC_Cube_PilotSeat_Retro,2743059293,2021.09/,RC_Cube_PilotSeat_Retro.blend,PilotSeat_Retro,Retro,,,,,,,,,
,Receiver_Large,2742818297,2021.09/,Receiver_Large.blend,Receiver_Large,,,,,,,,,,
,Receiver_Medium,2312945847,2021.09/,Receiver_Medium.blend,Receiver_Medium,,,,,,,,,,
,Receiver_Small,2330463949,2021.09/,Receiver_Small.blend,Receiver_Small,,,,,,,,,,
,Speedometer,3531325242,2021.09/,Speedometer.blend,RC_Cube_Speedometer,RC_Cube_Speedometer_Bars,,,,,,,,,
#,#,,2021.09/,,,,,,,,,,,,
#,### COSMETICS ###,,2021.09/,,,,,,,,,,,,
,Bronze League Badge Arena,988387568,2021.09/,Bronze_League_Badge_Arena.blend,LeagueBadge,LeagueBadge_Projector,,,,,,,,,
,Bronze League Badge,1301942811,2021.09/,Bronze_League_Badge.blend,LeagueBadge,LeagueBadge_Projector,,,,,,,,,
,Diamond League Badge,608517870,2021.09/,Diamond_League_Badge.blend,LeagueBadge,LeagueBadge_Projector,,,,,,,,,
,Gold League Badge Arena,2514755079,2021.09/,Gold_League_Badge_Arena.blend,LeagueBadge,LeagueBadge_Projector,,,,,,,,,
,Gold League Badge,1893098069,2021.09/,Gold_League_Badge.blend,LeagueBadge,LeagueBadge_Projector,,,,,,,,,
,Protonium League Badge,2046961989,2021.09/,Protonium_League_Badge.blend,LeagueBadge,LeagueBadge_Projector,,,,,,,,,
,Protonium League Five Stars Badge,1988022506,2021.09/,Protonium_League_Five_Stars_Badge.blend,LeagueBadge,LeagueBadge_Projector,,,,,,,,,
,Silver League Badge,4157599523,2021.09/,Silver_League_Badge.blend,LeagueBadge,LeagueBadge_Projector,,,,,,,,,
,Silver League Badge Arena,1551110695,2021.09/,Silver_League_Badge_Arena.blend,LeagueBadge,LeagueBadge_Projector,,,,,,,,,
#,,,2021.09/,,,,,,,,,,,,
,Alienware Mask Ear L,3136672710,2021.09/,Alienware_Mask_Ear_L.blend,alienware_ears_L,,,,,,,,,,
,Alienware Mask Ear R,699401910,2021.09/,Alienware_Mask_Ear_R.blend,alienware_ears_R,,,,,,,,,,
,Alienware Mask Head L,2145317520,2021.09/,Alienware_Mask_Head_L.blend,alienware_head_L,,,,,,,,,,
,Alienware Mask Head R,3969591264,2021.09/,Alienware_Mask_Head_R.blend,alienware_head_R,,,,,,,,,,
,Alienware Mask Jaw L,3709563875,2021.09/,Alienware_Mask_Jaw_L.blend,alienware_jaw_L,,,,,,,,,,
,Alienware Mask Jaw R,1314825875,2021.09/,Alienware_Mask_Jaw_R.blend,alienware_jaw_R,,,,,,,,,,
,CatEye Left,767825476,2021.09/,CatEye_Left.blend,RC_Cat_Eye_Base_L,RC_Cat_Eye_Eyeball_L,RC_Cat_Eye_EyelidBottom_L,RC_Cat_Eye_EyelidTop_L,RC_Cat_Eye_Pivot_L,,,,,,
,CatEye Right,683945560,2021.09/,CatEye_Right.blend,RC_Cat_Eye_Base_R,RC_Cat_Eye_Eyeball_R,RC_Cat_Eye_EyelidBottom_R,RC_Cat_Eye_EyelidTop_R,RC_Cat_Eye_Pivot_R,,,,,,
,Cyborg Eyes,1609561971,2021.09/,Cyborg_Eyes.blend,RC_Robot_Eye_Base,RC_Robot_Eye_IrisBlade_1,RC_Robot_Eye_IrisBlade_2,RC_Robot_Eye_IrisBlade_3,RC_Robot_Eye_IrisBlade_4,RC_Robot_Eye_IrisBlade_5,RC_Robot_Eye_IrisBlade_6,RC_Robot_Eye_IrisBlade_7,RC_Robot_EyeBall,,
,Eagle Face Left,291229893,2021.09/,Eagle_Face_Left.blend,Eagle_Face_L,,,,,,,,,,
,Eagle Face Right,1797279669,2021.09/,Eagle_Face_Right.blend,Eagle_Face_R,,,,,,,,,,
,Eagle Feathers Left,2829693731,2021.09/,Eagle_Feathers_Left.blend,Eagle_Feathers_L,,,,,,,,,,
,Eagle Feathers Right,3536989267,2021.09/,Eagle_Feathers_Right.blend,Eagle_Feathers_R,,,,,,,,,,
,Eagle Neck Left,38268230,2021.09/,Eagle_Neck_Left.blend,Eagle_Neck_L,,,,,,,,,,
,Eagle Neck Right,2017227318,2021.09/,Eagle_Neck_Right.blend,Eagle_Neck_R,,,,,,,,,,
,Football Face Left,1568834334,2021.09/,Football_Face_Left.blend,face_left,,,,,,,,,,
,Football Face Right,670637166,2021.09/,Football_Face_Right.blend,face_right,,,,,,,,,,
,Football Guard Left,326549783,2021.09/,Football_Guard_Left.blend,guard_left,,,,,,,,,,
,Football Guard Right,1762483815,2021.09/,Football_Guard_Right.blend,guard_right,,,,,,,,,,
,Football Helmet Left,1616382608,2021.09/,Football_Helmet_Left.blend,helmet_left,,,,,,,,,,
,Football Helmet Right,438539744,2021.09/,Football_Helmet_Right.blend,helmet_right,,,,,,,,,,
,Honeydew Beard Left,400977570,2021.09/,Honeydew_Beard_Left.blend,Honeydew_beard_L,,,,,,,,,,
,Honeydew Beard Right,1839067602,2021.09/,Honeydew_Beard_Right.blend,Honeydew_beard_R,,,,,,,,,,
,Honeydew Face Left,946469841,2021.09/,Honeydew_Face_Left.blend,Honeydew_face_L,,,,,,,,,,
,Honeydew Face Right,1108501665,2021.09/,Honeydew_Face_Right.blend,Honeydew_face_R,,,,,,,,,,
,Honeydew Horns Left,837592722,2021.09/,Honeydew_Horns_Left.blend,Honeydew_horns_L,,,,,,,,,,
,Honeydew Horns Right,1268201954,2021.09/,Honeydew_Horns_Right.blend,Honeydew_horns_R,,,,,,,,,,
,Mech 7 Ear Left,3920339432,2021.09/,Mech_7_Ear_Left.blend,Mech_7_Side_L,,,,,,,,,,
,Mech 7 Ear Right,2479898264,2021.09/,Mech_7_Ear_Right.blend,Mech_7_Side_R,,,,,,,,,,
,Mech 7 Jaw Left,1620644180,2021.09/,Mech_7_Jaw_Left.blend,Mech_7_Jaw_L,,,,,,,,,,
,Mech 7 Jaw Right,451055140,2021.09/,Mech_7_Jaw_Right.blend,Mech_7_Jaw_R,,,,,,,,,,
,Mech 7 Nose Left,2923392504,2021.09/,Mech_7_Nose_Left.blend,Mech_7_Nose_L,,,,,,,,,,
,Mech 7 Nose Right,3561288328,2021.09/,Mech_7_Nose_Right.blend,Mech_7_Nose_R,,,,,,,,,,
,Ninja Mask Bandana L,3248797084,2021.09/,Ninja_Mask_Bandana_L.blend,Ninja_Bandana_L,,,,,,,,,,
,Ninja Mask Bandana R,1390502124,2021.09/,Ninja_Mask_Bandana_R.blend,Ninja_Bandana_R,,,,,,,,,,
,Ninja Mask Head L,2847701117,2021.09/,Ninja_Mask_Head_L.blend,Ninja_Head_L,,,,,,,,,,
,Ninja Mask Head R,989441293,2021.09/,Ninja_Mask_Head_R.blend,Ninja_Head_R,,,,,,,,,,
,Ninja Mask Mask L,108914709,2021.09/,Ninja_Mask_Mask_L.blend,Ninja_Mask_L,,,,,,,,,,
,Ninja Mask Mask R,2503490917,2021.09/,Ninja_Mask_Mask_R.blend,Ninja_Mask_R,,,,,,,,,,
,OverWolf Ear Left,2150063391,2021.09/,OverWolf_Ear_Left.blend,Overwolf_Ear_L,,,,,,,,,,
,OverWolf Ear Right,4200383087,2021.09/,OverWolf_Ear_Right.blend,Overwolf_Ear_R,,,,,,,,,,
,OverWolf Eye Left,3424461321,2021.09/,OverWolf_Eye_Left.blend,Overwolf_Nose_L,,,,,,,,,,
,OverWolf Eye Right,3060186489,2021.09/,OverWolf_Eye_Right.blend,Overwolf_Nose_R,,,,,,,,,,
,OverWolf Jaw Left,152432035,2021.09/,OverWolf_Jaw_Left.blend,Overwolf_Jaw_L,,,,,,,,,,
,OverWolf Jaw Right,1936618195,2021.09/,OverWolf_Jaw_Right.blend,Overwolf_Jaw_R,,,,,,,,,,
,Rhino 8 Ear Left,2379348787,2021.09/,Rhino_8_Ear_Left.blend,Rhino8_Ear_L,,,,,,,,,,
,Rhino 8 Ear Right,4155139139,2021.09/,Rhino_8_Ear_Right.blend,Rhino8_Ear_R,,,,,,,,,,
,Rhino 8 Jaw Left,82004879,2021.09/,Rhino_8_Jaw_Left.blend,Rhino8_Jaw_L,,,,,,,,,,
,Rhino 8 Jaw Right,2123945215,2021.09/,Rhino_8_Jaw_Right.blend,Rhino8_Jaw_R,,,,,,,,,,
,Rhino 8 Nose Left,651937688,2021.09/,Rhino_8_Nose_Left.blend,Rhino8_Nose_L,,,,,,,,,,
,Rhino 8 Nose Right,1554012392,2021.09/,Rhino_8_Nose_Right.blend,Rhino8_Nose_R,,,,,,,,,,
,Sabretooth Ear Left,1584789066,2021.09/,Sabretooth_Ear_Left.blend,Sabre_Ears_L,,,,,,,,,,
,Sabretooth Ear Right,604924218,2021.09/,Sabretooth_Ear_Right.blend,Sabre_Ear_R,,,,,,,,,,
,Sabretooth Face Left,854085002,2021.09/,Sabretooth_Face_Left.blend,Sabre_Face_L,,,,,,,,,,
,Sabretooth Face Right,1217647354,2021.09/,Sabretooth_Face_Right.blend,Sabre_Face_R,,,,,,,,,,
,Sabretooth Jaw Left,3611772662,2021.09/,Sabretooth_Jaw_Left.blend,Sabre_Jaw_L,,,,,,,,,,
,Sabretooth Jaw Right,2906446214,2021.09/,Sabretooth_Jaw_Right.blend,Sabre_Jaw_R,,,,,,,,,,
,Scary Mask Eyes Left,30139883,2021.09/,Scary_Mask_Eyes_Left.blend,lefthead,,,,,,,,,,
,Scary Mask Eyes Right,2075163291,2021.09/,Scary_Mask_Eyes_Right.blend,Righthead,,,,,,,,,,
,Scary Mask Horn Left,3619385994,2021.09/,Scary_Mask_Horn_Left.blend,lefthorn,,,,,,,,,,
,Scary Mask Horn Right,2915102202,2021.09/,Scary_Mask_Horn_Right.blend,righthorn,,,,,,,,,,
,Scary Mask Jaw Left,1574122495,2021.09/,Scary_Mask_Jaw_Left.blend,Leftjaw,,,,,,,,,,
,Scary Mask Jaw Right,665365647,2021.09/,Scary_Mask_Jaw_Right.blend,rightjaw,,,,,,,,,,
,TRex Mask Head L,981970925,2021.09/,TRex_Mask_Head_L.blend,T_Rex_Head_L,,,,,,,,,,
,TRex Mask Head R,799302218,2021.09/,TRex_Mask_Head_R.blend,T_Rex_Head_R,,,,,,,,,,
,TRex Mask Jaw L,3670645745,2021.09/,TRex_Mask_Jaw_L.blend,T_Rex_Jaw_L,,,,,,,,,,
,TRex Mask Jaw R,3618891370,2021.09/,TRex_Mask_Jaw_R.blend,T_Rex_Jaw_R,,,,,,,,,,
,TRex Mask Nose L,669458802,2021.09/,TRex_Mask_Nose_L.blend,T_Rex_Nose_L,,,,,,,,,,
,TRex Mask Nose R,4069461414,2021.09/,TRex_Mask_Nose_R.blend,T_Rex_Nose_R,,,,,,,,,,
,Vigilant Eyes Left,3558508089,2021.09/,Vigilant_Eyes_Left.blend,RC_ Human_Eye_Base_L,RC_ Human_Eye_EyelidBottom_L,RC_ Human_Eye_EyelidTop_L,RC_ Human_Eye_Pivot_L,RC_Human_Eye_Eyeball_L,,,,,,
,Vigilant Eyes Right,1704793982,2021.09/,Vigilant_Eyes_Right.blend,RC_ Human_Eye_Base_R,RC_ Human_Eye_EyelidBottom_R,RC_ Human_Eye_EyelidTop_R,RC_ Human_Eye_Pivot_R,RC_Human_Eye_Eyeball_R,,,,,,
#,,,2021.09/,,,,,,,,,,,,
,Balloon,346272734,2021.09/,Balloon.blend,RC_Balloon,,,,,,,,,,
,Bubble Machine,2484686408,2021.09/,Bubble_Machine.blend,RC_BubbleBlower,RC_BubbleBlower_Nozzle,,,,,,,,,
,Exhaust Blower,149580437,2021.09/,Exhaust_Blower.blend,RC_Exhaust_Blower,,,,,,,,,,
,Exhaust Stack L,3489925411,2021.09/,Exhaust_Stack_L.blend,RC_Exhaust_Stack,,,,,,,,,,
,Exhaust Stack R,1679554409,2021.09/,Exhaust_Stack_R.blend,RC_Exhaust_Stack,,,,,,,,,,
,Fairy Light,2183972675,2021.09/,Fairy_Light.blend,Fairy_Light,,,,,,,,,,
,Headlamp,1367205243,2021.09/,Headlamp.blend,RC_Headlight,,,,,,,,,,
,Present Large,568116457,2021.09/,Present_Large.blend,Connection_point,,,,,,,,,,
,Present Small,138993629,2021.09/,Present_Small.blend,bowcentre1,,,,,,,,,,
,Robot Name Banner,2782198650,2021.09/,Robot_Name_Banner.blend,polySurface276,,,,,,,,,,
,Spike Claw,1991524976,2021.09/,Spike_Claw.blend,RC_Spike_Claw,,,,,,,,,,
,Spike Dagger,688123941,2021.09/,Spike_Dagger.blend,Dwarf_Spike,,,,,,,,,,
,Spike Needle,955529870,2021.09/,Spike_Needle.blend,RC_Spike_Needle,,,,,,,,,,
,Spike Pin,108680691,2021.09/,Spike_Pin.blend,RC_Spike_Pin,,,,,,,,,,
,Vapor Trail Single,3610833057,2021.09/,Vapor_Trail_Single.blend,RC_Vaportrail_L1_Base,RC_Vaportrail_L1_Cylinder,RC_Vaportrail_L1_Fin,,,,,,,,
,Vapor Trail Single Firework,1810319153,2021.09/,Vapor_Trail_Single_Firework.blend,RC_Vaportrail_L1_Base,RC_Vaportrail_L1_Cylinder,RC_Vaportrail_L1_Fin,,,,,,,,
,Vapor Trail Single Flower,3137009174,2021.09/,Vapor_Trail_Single_Flower.blend,RC_Vaportrail_L1_Base,RC_Vaportrail_L1_Cylinder,RC_Vaportrail_L1_Fin,,,,,,,,
,Vapor Trail Single Snowflake,3297983510,2021.09/,Vapor_Trail_Single_Snowflake.blend,RC_Vaportrail_L1_Base,RC_Vaportrail_L1_Cylinder,RC_Vaportrail_L1_Fin,,,,,,,,
,Vapor Trail Twin,236893100,2021.09/,Vapor_Trail_Twin.blend,RC_Vaportrail_L2_Base,RC_Vaportrail_L2_Cylinder,RC_Vaportrail_L2_Fin,,,,,,,,
#,#,,2021.09/,,,,,,,,,,,,
#,### HOLOFLAGS ###,,2021.09/,,,,,,,,,,,,
#,UK Holoflag,4175295691,2021.09/,UK_Holoflag.blend,pPlane1,FlagProjector2,,,,,,,,,
#,USA Holoflag,3559676835,2021.09/,USA_Holoflag.blend,pPlane1,FlagProjector2,,,,,,,,,
#,2019 Holoflag,216301182,2021.09/,2019_Holoflag.blend,pPlane1,FlagProjector2,,,,,,,,,
#,Bunny Holoflag,2663263630,2021.09/,Bunny_Holoflag.blend,pPlane1,FlagProjector2,,,,,,,,,
#,China Holoflag,3910121366,2021.09/,China_Holoflag.blend,pPlane1,FlagProjector2,,,,,,,,,
#,Curse Holoflag,1039436321,2021.09/,Curse_Holoflag.blend,pPlane1,FlagProjector2,,,,,,,,,
#,Italy Holoflag,4166201860,2021.09/,Italy_Holoflag.blend,pPlane1,FlagProjector2,,,,,,,,,
#,Japan Holoflag,2020064218,2021.09/,Japan_Holoflag.blend,pPlane1,FlagProjector2,,,,,,,,,
#,Spain Holoflag,3114896263,2021.09/,Spain_Holoflag.blend,pPlane1,FlagProjector2,,,,,,,,,
#,Brazil Holoflag,2243089188,2021.09/,Brazil_Holoflag.blend,pPlane1,FlagProjector2,,,,,,,,,
#,Canada Holoflag,1385335421,2021.09/,Canada_Holoflag.blend,pPlane1,FlagProjector2,,,,,,,,,
#,Flower Holoflag,3266439135,2021.09/,Flower_Holoflag.blend,pPlane1,FlagProjector2,,,,,,,,,
#,France Holoflag,2373812955,2021.09/,France_Holoflag.blend,pPlane1,FlagProjector2,,,,,,,,,
#,Pirate Holoflag,4124816651,2021.09/,Pirate_Holoflag.blend,pPlane1,FlagProjector2,,,,,,,,,
#,Poland Holoflag,2730691972,2021.09/,Poland_Holoflag.blend,pPlane1,FlagProjector2,,,,,,,,,
#,Russia Holoflag,4065608086,2021.09/,Russia_Holoflag.blend,pPlane1,FlagProjector2,,,,,,,,,
#,Sweden Holoflag,1786715320,2021.09/,Sweden_Holoflag.blend,pPlane1,FlagProjector2,,,,,,,,,
#,3 Years Holoflag,3996493866,2021.09/,3_Years_Holoflag.blend,pPlane1,FlagProjector2,,,,,,,,,
#,4 Years Holoflag,507555577,2021.09/,4_Years_Holoflag.blend,pPlane1,FlagProjector2,,,,,,,,,
#,5 Years Holoflag,3210649465,2021.09/,5_Years_Holoflag.blend,pPlane1,FlagProjector2,,,,,,,,,
#,6 Years Holoflag,2537158398,2021.09/,6_Years_Holoflag.blend,pPlane1,FlagProjector2,,,,,,,,,
#,Belarus Holoflag,1768151340,2021.09/,Belarus_Holoflag.blend,pPlane1,FlagProjector2,,,,,,,,,
#,Belgium Holoflag,1798659636,2021.09/,Belgium_Holoflag.blend,pPlane1,FlagProjector2,,,,,,,,,
#,Germany Holoflag,2596479965,2021.09/,Germany_Holoflag.blend,pPlane1,FlagProjector2,,,,,,,,,
#,Iceland Holoflag,1796059677,2021.09/,Iceland_Holoflag.blend,pPlane1,FlagProjector2,,,,,,,,,
#,Ireland Holoflag,3447406366,2021.09/,Ireland_Holoflag.blend,pPlane1,FlagProjector2,,,,,,,,,
#,Rainbow Holoflag,1042028710,2021.09/,Rainbow_Holoflag.blend,pPlane1,FlagProjector2,,,,,,,,,
#,Ukraine Holoflag,68277216,2021.09/,Ukraine_Holoflag.blend,pPlane1,FlagProjector2,,,,,,,,,
#,Chronogg Holoflag,862329300,2021.09/,Chronogg_Holoflag.blend,pPlane1,FlagProjector2,,,,,,,,,
#,Overwolf Holoflag,1020482017,2021.09/,Overwolf_Holoflag.blend,pPlane1,FlagProjector2,,,,,,,,,
#,Yogscast Holoflag,4079824960,2021.09/,Yogscast_Holoflag.blend,pPlane1,FlagProjector2,,,,,,,,,
#,Alienware Holoflag,2345098755,2021.09/,Alienware_Holoflag.blend,pPlane1,FlagProjector2,,,,,,,,,
#,Argentina Holoflag,354715741,2021.09/,Argentina_Holoflag.blend,pPlane1,FlagProjector2,,,,,,,,,
#,Australia Holoflag,664490215,2021.09/,Australia_Holoflag.blend,pPlane1,FlagProjector2,,,,,,,,,
#,EasterEgg Holoflag,3131616996,2021.09/,EasterEgg_Holoflag.blend,pPlane1,FlagProjector2,,,,,,,,,
#,Robocraft Holoflag,1958111892,2021.09/,Robocraft_Holoflag.blend,pPlane1,FlagProjector2,,,,,,,,,
#,Snowflake Holoflag,327459709,2021.09/,Snowflake_Holoflag.blend,pPlane1,FlagProjector2,,,,,,,,,
#,Candy Cane Holoflag,2412453676,2021.09/,Candy_Cane_Holoflag.blend,pPlane1,FlagProjector2,,,,,,,,,
#,Kazakhstan Holoflag,3330651823,2021.09/,Kazakhstan_Holoflag.blend,pPlane1,FlagProjector2,,,,,,,,,
#,Santa Cray Holoflag,2990880144,2021.09/,Santa_Cray_Holoflag.blend,pPlane1,FlagProjector2,,,,,,,,,
#,Netherlands Holoflag,88051662,2021.09/,Netherlands_Holoflag.blend,pPlane1,FlagProjector2,,,,,,,,,
#,New Zealand Holoflag,2855651676,2021.09/,New_Zealand_Holoflag.blend,pPlane1,FlagProjector2,,,,,,,,,
#,South Korea Holoflag,460733827,2021.09/,South_Korea_Holoflag.blend,pPlane1,FlagProjector2,,,,,,,,,
#,Top Hundred Holoflag,757806708,2021.09/,Top_Hundred_Holoflag.blend,pPlane1,FlagProjector2,,,,,,,,,
#,Dev Supporter Holoflag,4200145444,2021.09/,Dev_Supporter_Holoflag.blend,pPlane1,FlagProjector2,,,,,,,,,
#,Humble Bundle HoloFlag,3024755361,2021.09/,Humble_Bundle_HoloFlag.blend,pPlane1,FlagProjector2,,,,,,,,,
#,RoboPass Season 1 Holoflag,3058601525,2021.09/,RoboPass_Season_1_Holoflag.blend,pPlane1,FlagProjector2,,,,,,,,,
#,RoboPass Season 2 Holoflag,3411783298,2021.09/,RoboPass_Season_2_Holoflag.blend,pPlane1,FlagProjector2,,,,,,,,,
#,Gold Dev Supporter Holoflag,3370765914,2021.09/,Gold_Dev_Supporter_Holoflag.blend,pPlane1,FlagProjector2,,,,,,,,,
#,Able Gamers Charity Holoflag,1607707925,2021.09/,Able_Gamers_Charity_Holoflag.blend,pPlane1,FlagProjector2,,,,,,,,,
#,Turkish flag,4070927930,2021.09/,Turkish_flag.blend,pPlane1,FlagProjector2,,,,,,,,,
#,Danish flag,932603502,2021.09/,Danish_flag.blend,pPlane1,FlagProjector2,,,,,,,,,
#,,,2021.09/,,,,,,,,,,,,
#,,,2021.09/,,,,,,,,,,,,
,UK Holoflag,4175295691,2021.09/,Generic_Holoflag.blend,pPlane1,FlagProjector2,,,,,,,,,
,USA Holoflag,3559676835,2021.09/,Generic_Holoflag.blend,pPlane1,FlagProjector2,,,,,,,,,
,2019 Holoflag,216301182,2021.09/,Generic_Holoflag.blend,pPlane1,FlagProjector2,,,,,,,,,
,Bunny Holoflag,2663263630,2021.09/,Generic_Holoflag.blend,pPlane1,FlagProjector2,,,,,,,,,
,China Holoflag,3910121366,2021.09/,Generic_Holoflag.blend,pPlane1,FlagProjector2,,,,,,,,,
,Curse Holoflag,1039436321,2021.09/,Generic_Holoflag.blend,pPlane1,FlagProjector2,,,,,,,,,
,Italy Holoflag,4166201860,2021.09/,Generic_Holoflag.blend,pPlane1,FlagProjector2,,,,,,,,,
,Japan Holoflag,2020064218,2021.09/,Generic_Holoflag.blend,pPlane1,FlagProjector2,,,,,,,,,
,Spain Holoflag,3114896263,2021.09/,Generic_Holoflag.blend,pPlane1,FlagProjector2,,,,,,,,,
,Brazil Holoflag,2243089188,2021.09/,Generic_Holoflag.blend,pPlane1,FlagProjector2,,,,,,,,,
,Canada Holoflag,1385335421,2021.09/,Generic_Holoflag.blend,pPlane1,FlagProjector2,,,,,,,,,
,Flower Holoflag,3266439135,2021.09/,Generic_Holoflag.blend,pPlane1,FlagProjector2,,,,,,,,,
,France Holoflag,2373812955,2021.09/,Generic_Holoflag.blend,pPlane1,FlagProjector2,,,,,,,,,
,Pirate Holoflag,4124816651,2021.09/,Generic_Holoflag.blend,pPlane1,FlagProjector2,,,,,,,,,
,Poland Holoflag,2730691972,2021.09/,Generic_Holoflag.blend,pPlane1,FlagProjector2,,,,,,,,,
,Russia Holoflag,4065608086,2021.09/,Generic_Holoflag.blend,pPlane1,FlagProjector2,,,,,,,,,
,Sweden Holoflag,1786715320,2021.09/,Generic_Holoflag.blend,pPlane1,FlagProjector2,,,,,,,,,
,3 Years Holoflag,3996493866,2021.09/,Generic_Holoflag.blend,pPlane1,FlagProjector2,,,,,,,,,
,4 Years Holoflag,507555577,2021.09/,Generic_Holoflag.blend,pPlane1,FlagProjector2,,,,,,,,,
,5 Years Holoflag,3210649465,2021.09/,Generic_Holoflag.blend,pPlane1,FlagProjector2,,,,,,,,,
,6 Years Holoflag,2537158398,2021.09/,Generic_Holoflag.blend,pPlane1,FlagProjector2,,,,,,,,,
,Belarus Holoflag,1768151340,2021.09/,Generic_Holoflag.blend,pPlane1,FlagProjector2,,,,,,,,,
,Belgium Holoflag,1798659636,2021.09/,Generic_Holoflag.blend,pPlane1,FlagProjector2,,,,,,,,,
,Germany Holoflag,2596479965,2021.09/,Generic_Holoflag.blend,pPlane1,FlagProjector2,,,,,,,,,
,Iceland Holoflag,1796059677,2021.09/,Generic_Holoflag.blend,pPlane1,FlagProjector2,,,,,,,,,
,Ireland Holoflag,3447406366,2021.09/,Generic_Holoflag.blend,pPlane1,FlagProjector2,,,,,,,,,
,Rainbow Holoflag,1042028710,2021.09/,Generic_Holoflag.blend,pPlane1,FlagProjector2,,,,,,,,,
,Ukraine Holoflag,68277216,2021.09/,Generic_Holoflag.blend,pPlane1,FlagProjector2,,,,,,,,,
,Chronogg Holoflag,862329300,2021.09/,Generic_Holoflag.blend,pPlane1,FlagProjector2,,,,,,,,,
,Overwolf Holoflag,1020482017,2021.09/,Generic_Holoflag.blend,pPlane1,FlagProjector2,,,,,,,,,
,Yogscast Holoflag,4079824960,2021.09/,Generic_Holoflag.blend,pPlane1,FlagProjector2,,,,,,,,,
,Alienware Holoflag,2345098755,2021.09/,Generic_Holoflag.blend,pPlane1,FlagProjector2,,,,,,,,,
,Argentina Holoflag,354715741,2021.09/,Generic_Holoflag.blend,pPlane1,FlagProjector2,,,,,,,,,
,Australia Holoflag,664490215,2021.09/,Generic_Holoflag.blend,pPlane1,FlagProjector2,,,,,,,,,
,EasterEgg Holoflag,3131616996,2021.09/,Generic_Holoflag.blend,pPlane1,FlagProjector2,,,,,,,,,
,Robocraft Holoflag,1958111892,2021.09/,Generic_Holoflag.blend,pPlane1,FlagProjector2,,,,,,,,,
,Snowflake Holoflag,327459709,2021.09/,Generic_Holoflag.blend,pPlane1,FlagProjector2,,,,,,,,,
,Candy Cane Holoflag,2412453676,2021.09/,Generic_Holoflag.blend,pPlane1,FlagProjector2,,,,,,,,,
,Kazakhstan Holoflag,3330651823,2021.09/,Generic_Holoflag.blend,pPlane1,FlagProjector2,,,,,,,,,
,Santa Cray Holoflag,2990880144,2021.09/,Generic_Holoflag.blend,pPlane1,FlagProjector2,,,,,,,,,
,Netherlands Holoflag,88051662,2021.09/,Generic_Holoflag.blend,pPlane1,FlagProjector2,,,,,,,,,
,New Zealand Holoflag,2855651676,2021.09/,Generic_Holoflag.blend,pPlane1,FlagProjector2,,,,,,,,,
,South Korea Holoflag,460733827,2021.09/,Generic_Holoflag.blend,pPlane1,FlagProjector2,,,,,,,,,
,Top Hundred Holoflag,757806708,2021.09/,Generic_Holoflag.blend,pPlane1,FlagProjector2,,,,,,,,,
,Dev Supporter Holoflag,4200145444,2021.09/,Generic_Holoflag.blend,pPlane1,FlagProjector2,,,,,,,,,
,Humble Bundle HoloFlag,3024755361,2021.09/,Generic_Holoflag.blend,pPlane1,FlagProjector2,,,,,,,,,
,RoboPass Season 1 Holoflag,3058601525,2021.09/,Generic_Holoflag.blend,pPlane1,FlagProjector2,,,,,,,,,
,RoboPass Season 2 Holoflag,3411783298,2021.09/,Generic_Holoflag.blend,pPlane1,FlagProjector2,,,,,,,,,
,Gold Dev Supporter Holoflag,3370765914,2021.09/,Generic_Holoflag.blend,pPlane1,FlagProjector2,,,,,,,,,
,Able Gamers Charity Holoflag,1607707925,2021.09/,Generic_Holoflag.blend,pPlane1,FlagProjector2,,,,,,,,,
,Turkish flag,4070927930,2021.09/,Generic_Holoflag.blend,pPlane1,FlagProjector2,,,,,,,,,
,Danish flag,932603502,2021.09/,Generic_Holoflag.blend,pPlane1,FlagProjector2,,,,,,,,,
